-- MySQL dump 10.13  Distrib 5.7.19, for osx10.12 (x86_64)
--
-- Host: localhost    Database: catbnb
-- ------------------------------------------------------
-- Server version	5.7.19

/*!40101 SET @OLD_CHARACTER_SET_CLIENT=@@CHARACTER_SET_CLIENT */;
/*!40101 SET @OLD_CHARACTER_SET_RESULTS=@@CHARACTER_SET_RESULTS */;
/*!40101 SET @OLD_COLLATION_CONNECTION=@@COLLATION_CONNECTION */;
/*!40101 SET NAMES utf8 */;
/*!40103 SET @OLD_TIME_ZONE=@@TIME_ZONE */;
/*!40103 SET TIME_ZONE='+00:00' */;
/*!40014 SET @OLD_UNIQUE_CHECKS=@@UNIQUE_CHECKS, UNIQUE_CHECKS=0 */;
/*!40014 SET @OLD_FOREIGN_KEY_CHECKS=@@FOREIGN_KEY_CHECKS, FOREIGN_KEY_CHECKS=0 */;
/*!40101 SET @OLD_SQL_MODE=@@SQL_MODE, SQL_MODE='NO_AUTO_VALUE_ON_ZERO' */;
/*!40111 SET @OLD_SQL_NOTES=@@SQL_NOTES, SQL_NOTES=0 */;

--
-- Table structure for table `Reviews`
--
DROP DATABASE IF EXISTS catbnb;
CREATE DATABASE catbnb;
USE catbnb;

DROP TABLE IF EXISTS `reviews`;
/*!40101 SET @saved_cs_client     = @@character_set_client */;
/*!40101 SET character_set_client = utf8 */;
CREATE TABLE `reviews` (
  `id` int(11) NOT NULL AUTO_INCREMENT,
  `review` text NOT NULL,
  `owner_id` int(11) NOT NULL,
  `sitter_id` int(11) NOT NULL,
  `task_id` int(11) NOT NULL,
  `rating` int(2) NOT NULL,
  PRIMARY KEY (`id`),
  UNIQUE KEY `id` (`id`),
  KEY `owner_id` (`owner_id`),
  KEY `task_id` (`task_id`),
  KEY `sitter_id` (`sitter_id`),
  CONSTRAINT `reviews_ibfk_1` FOREIGN KEY (`owner_id`) REFERENCES `ownerProfile` (`id`),
  CONSTRAINT `reviews_ibfk_2` FOREIGN KEY (`task_id`) REFERENCES `tasksList` (`id`),
  CONSTRAINT `reviews_ibfk_3` FOREIGN KEY (`sitter_id`) REFERENCES `sitterProfile` (`id`)
) ENGINE=InnoDB AUTO_INCREMENT=4 DEFAULT CHARSET=utf8;
/*!40101 SET character_set_client = @saved_cs_client */;

--
-- Dumping data for table `Reviews`
--

LOCK TABLES `Reviews` WRITE;
/*!40000 ALTER TABLE `Reviews` DISABLE KEYS */;
INSERT INTO `Reviews` VALUES (1,'I was in need of a new pet sitter for my 2 kitties and fortunately Vanessa was available! She took great care of my cats, provided updates after each visit, and even left a cat toy. Vanessa is reliable, responsive, and loves animals!',1,2,3,8),(2,'I was in need of a new pet sitter for my 2 kitties and fortunately Vanessa was available! She took great care of my cats, provided updates after each visit, and even left a cat toy. Vanessa is reliable, responsive, and loves animals!',2,1,4,9),(3,'I was in need of a new pet sitter for my 2 kitties and fortunately Vanessa was available! She took great care of my cats, provided updates after each visit, and even left a cat toy. Vanessa is reliable, responsive, and loves animals!',2,2,5,8);
/*!40000 ALTER TABLE `Reviews` ENABLE KEYS */;
UNLOCK TABLES;

--
-- Table structure for table `ownerProfile`
--

DROP TABLE IF EXISTS `ownerProfile`;
/*!40101 SET @saved_cs_client     = @@character_set_client */;
/*!40101 SET character_set_client = utf8 */;
CREATE TABLE `ownerProfile` (
  `id` int(11) NOT NULL AUTO_INCREMENT,
  `fb_userId` varchar(20) NOT NULL,
  `name` varchar(50) NOT NULL,
  `numOfCats` decimal(10,0) NOT NULL,
  `food` text ,
  `medical` text ,
  `personality` text NOT NULL,
  `other` text ,
  `address` text NOT NULL,
  `createdAt` date NOT NULL,
  `phone` varchar(10) DEFAULT NULL,
  `email` text,
  `zipcode` int(20) NOT NULL,
  `submit` tinyint(1) NOT NULL DEFAULT '0',
  PRIMARY KEY (`id`),
  UNIQUE KEY `id` (`id`),
  UNIQUE KEY `fb_userId` (`fb_userId`),
  UNIQUE KEY `name` (`name`),
  UNIQUE KEY `phone` (`phone`)
) ENGINE=InnoDB AUTO_INCREMENT=6 DEFAULT CHARSET=utf8;
/*!40101 SET character_set_client = @saved_cs_client */;

--
-- Dumping data for table `ownerProfile`
--

LOCK TABLES `ownerProfile` WRITE;
/*!40000 ALTER TABLE `ownerProfile` DISABLE KEYS */;
INSERT INTO `ownerProfile` VALUES (1,'12223434','bo',2,'wet food','','','shy','44 atalaya ter','2017-10-05','4153195997','umihui',94117,0),(2,'123455','kevin',2,'wet food','pills','','shy','44 atalaya ter','2017-10-05','4153195992','umihui@gmail.com',94117,0),(5,'12225634','john',2,'wet food','pills','','shy','44 atalaya ter','2017-10-05','4153195777','umihui@gmail.com',94117,0);
INSERT INTO `ownerProfile` VALUES (3,'1310153075760130', 'Kevin Yeh','1','Same','','','shy','1990 S. Delaware San Mateo','2017-10-05','626-215-8079','revinyeh@gmail.com',94403,0);
/*!40000 ALTER TABLE `ownerProfile` ENABLE KEYS */;
UNLOCK TABLES;

--
-- Table structure for table `sitterProfile`
--

DROP TABLE IF EXISTS `sitterProfile`;
/*!40101 SET @saved_cs_client     = @@character_set_client */;
/*!40101 SET character_set_client = utf8 */;
CREATE TABLE `sitterProfile` (
  `id` int(11) NOT NULL AUTO_INCREMENT,
  `fb_userId` varchar(20) NOT NULL,
  `name` varchar(50) NOT NULL,
  `photo` tinytext NOT NULL,
  `description` text NOT NULL,
  `comeIn` tinyint(1) NOT NULL,
  `boarding` tinyint(1) NOT NULL,
  `price` int(11) NOT NULL,
  `unit` text NOT NULL,
  `createdAt` date NOT NULL,
  `phone` varchar(10) DEFAULT NULL,
  `email` text,
  `address` text NOT NULL,
  `zipcode` varchar(5) NOT NULL,
  `latitude` decimal(10,3) DEFAULT NULL,
  `longitude` decimal(10,3) DEFAULT NULL,
  `rating` int(2) DEFAULT NULL,
  PRIMARY KEY (`id`),
  UNIQUE KEY `id` (`id`)
) ENGINE=InnoDB AUTO_INCREMENT=3 DEFAULT CHARSET=utf8;
/*!40101 SET character_set_client = @saved_cs_client */;

--
-- Dumping data for table `sitterProfile`
--

LOCK TABLES `sitterProfile` WRITE;
/*!40000 ALTER TABLE `sitterProfile` DISABLE KEYS */;
INSERT INTO `sitterProfile` VALUES
(1,'"12345"','Victor','001.jpeg','awesome',0,1,40,'day','2017-10-04','4153195297','victor@gmail.com','201 spear ter','94102',37.784923,-122.412517,9),
(2,'123434','Umi','004.jpeg','awesome',1,1,30,'visit','2017-10-04','4153195997','umihui','44 atalaya ter','94117',37.783252,-122.405951,8);
/*!40000 ALTER TABLE `sitterProfile` ENABLE KEYS */;
UNLOCK TABLES;

--
-- Table structure for table `tasksList`
--

DROP TABLE IF EXISTS `tasksList`;
/*!40101 SET @saved_cs_client     = @@character_set_client */;
/*!40101 SET character_set_client = utf8 */;
CREATE TABLE `tasksList` (
  `id` int(11) NOT NULL AUTO_INCREMENT,
  `owner_id` int(11) NOT NULL,
  `ownerMessage` text NOT NULL,
  `startDate` date NOT NULL,
  `endDate` date NOT NULL,
  `createdAt` date NOT NULL,
  `status` text NOT NULL,
  `sitter_id` int(11) NOT NULL,
  `sitterMessage` text,
  `acceptedAt` date DEFAULT NULL,
  `cancelledAt` date DEFAULT NULL,
  `finalPrice` int(11) DEFAULT NULL,
  PRIMARY KEY (`id`),
  UNIQUE KEY `id` (`id`),
  KEY `sitter_id` (`sitter_id`),
  KEY `owner_id` (`owner_id`),
  CONSTRAINT `taskslist_ibfk_1` FOREIGN KEY (`sitter_id`) REFERENCES `sitterProfile` (`id`),
  CONSTRAINT `taskslist_ibfk_2` FOREIGN KEY (`owner_id`) REFERENCES `ownerProfile` (`id`)
) ENGINE=InnoDB AUTO_INCREMENT=8 DEFAULT CHARSET=utf8;
/*!40101 SET character_set_client = @saved_cs_client */;

--
-- Dumping data for table `tasksList`
--

LOCK TABLES `tasksList` WRITE;
/*!40000 ALTER TABLE `tasksList` DISABLE KEYS */;
INSERT INTO `tasksList` VALUES (3,3,'hi','2017-10-05','2017-10-10','2017-10-04','confirmed',2,'ok','2017-10-04','2017-10-04',200),
  (4,1,'hi','2017-10-05','2017-10-10','2017-10-04','sent',2,NULL,NULL,NULL,NULL),
  (5,1,'hi','2017-10-05','2017-10-10','2017-10-04','sent',2,NULL,NULL,NULL,NULL),
  (6,3,'hi','2017-10-05','2017-10-10','2017-10-05','sent',2,NULL,NULL,NULL,NULL),
  (7,3,'hi test','2017-10-07','2017-10-10','2017-10-05','paid',2,'great','2017-10-05','2017-10-05',200),
  (8,3,'hi test','2017-10-07','2017-10-10','2017-10-05','cancled',2,'great','2017-10-05','2017-10-05',150),
  (9,3,'hi test','2017-10-07','2017-10-10','2017-10-05','ready',2,'great','2017-10-05','2017-10-05',180);
/*!40000 ALTER TABLE `tasksList` ENABLE KEYS */;
UNLOCK TABLES;
/*!40103 SET TIME_ZONE=@OLD_TIME_ZONE */;

/*!40101 SET SQL_MODE=@OLD_SQL_MODE */;
/*!40014 SET FOREIGN_KEY_CHECKS=@OLD_FOREIGN_KEY_CHECKS */;
/*!40014 SET UNIQUE_CHECKS=@OLD_UNIQUE_CHECKS */;
/*!40101 SET CHARACTER_SET_CLIENT=@OLD_CHARACTER_SET_CLIENT */;
/*!40101 SET CHARACTER_SET_RESULTS=@OLD_CHARACTER_SET_RESULTS */;
/*!40101 SET COLLATION_CONNECTION=@OLD_COLLATION_CONNECTION */;
/*!40111 SET SQL_NOTES=@OLD_SQL_NOTES */;

-- Dump completed on 2017-10-06 16:01:05
INSERT INTO sitterProfile (fb_userId, name, photo, description, comeIn, boarding, price, unit, createdAt, phone, email, address, zipcode, latitude, longitude, rating) VALUES
('"6042"','Andrew','002.jpeg','awesome', 0, 1, 33, 'day', '2017-10-04', '0000000000','Steven@gmail.com','718Steven st','94102', 37.758006, -122.494347, 7),
('"8924"','Kevin','009.jpeg','awesome', 0, 1, 92, 'day', '2017-10-04', '0000000000','Duck@gmail.com','291Duck st','94102', 37.801518, -122.401505, 10),
('"3251"','Jerry','007.jpeg','awesome', 0, 1, 16, 'day', '2017-10-04', '0000000000','Jerry@gmail.com','574Jerry st','94102', 37.781977, -122.440355, 9),
('"2932"','Victor','005.jpeg','awesome', 0, 1, 73, 'day', '2017-10-04', '0000000000','Victor@gmail.com','787Victor st','94102', 37.797162, -122.476128, 5),
('"7777"','Umi','002.jpeg','awesome', 0, 1, 3, 'day', '2017-10-04', '0000000000','Umi@gmail.com','724Umi st','94102', 37.761708, -122.418446, 5),
('"1650"','Kate','001.jpeg','awesome', 0, 1, 21, 'day', '2017-10-04', '0000000000','Kate@gmail.com','940Kate st','94102', 37.750498, -122.406137, 10),
('"8222"','Kanye','009.jpeg','awesome', 0, 1, 54, 'day', '2017-10-04', '0000000000','Kanye@gmail.com','416Kanye st','94102', 37.757505, -122.499888, 10),
('"9365"','Steven','003.jpeg','awesome', 0, 1, 48, 'day', '2017-10-04', '0000000000','Steven@gmail.com','428Steven st','94102', 37.781455, -122.48815, 6),
('"3378"','Ken','004.jpeg','awesome', 0, 1, 22, 'day', '2017-10-04', '0000000000','Ken@gmail.com','822Ken st','94102', 37.799578, -122.406384, 5),
('"51"','Zooey','004.jpeg','awesome', 0, 1, 36, 'day', '2017-10-04', '0000000000','Zooey@gmail.com','317Zooey st','94102', 37.771408, -122.405378, 8),
('"6301"','Umi','009.jpeg','awesome', 0, 1, 20, 'day', '2017-10-04', '0000000000','Umi@gmail.com','819Umi st','94102', 37.752749, -122.477246, 0),
('"4246"','Duck','001.jpeg','awesome', 0, 1, 17, 'day', '2017-10-04', '0000000000','Duck@gmail.com','444Duck st','94102', 37.784296, -122.470937, 3),
('"5520"','Andrew','008.jpeg','awesome', 0, 1, 16, 'day', '2017-10-04', '0000000000','Andrew@gmail.com','633Andrew st','94102', 37.760606, -122.430839, 5),
('"2991"','Victor','009.jpeg','awesome', 0, 1, 61, 'day', '2017-10-04', '0000000000','Victor@gmail.com','225Victor st','94102', 37.775157, -122.430621, 0),
('"2401"','Umi','007.jpeg','awesome', 0, 1, 80, 'day', '2017-10-04', '0000000000','Umi@gmail.com','152Umi st','94102', 37.788666, -122.504158, 4),
('"4533"','Ken','002.jpeg','awesome', 0, 1, 9, 'day', '2017-10-04', '0000000000','Ken@gmail.com','560Ken st','94102', 37.80495, -122.392063, 9),
('"1745"','Rowena','004.jpeg','awesome', 0, 1, 38, 'day', '2017-10-04', '0000000000','Rowena@gmail.com','299Rowena st','94102', 37.75324, -122.410802, 8),
('"2028"','Tim','001.jpeg','awesome', 0, 1, 12, 'day', '2017-10-04', '0000000000','Tim@gmail.com','340Tim st','94102', 37.768536, -122.496369, 10),
('"984"','Ken','009.jpeg','awesome', 0, 1, 68, 'day', '2017-10-04', '0000000000','Ken@gmail.com','255Ken st','94102', 37.75903, -122.508626, 7),
('"6082"','Umi','003.jpeg','awesome', 0, 1, 40, 'day', '2017-10-04', '0000000000','Umi@gmail.com','20Umi st','94102', 37.78295, -122.487055, 10),
('"7575"','Ken','001.jpeg','awesome', 0, 1, 27, 'day', '2017-10-04', '0000000000','Ken@gmail.com','217Ken st','94102', 37.766927, -122.412968, 4),
('"2500"','Kate','002.jpeg','awesome', 0, 1, 1, 'day', '2017-10-04', '0000000000','Kate@gmail.com','628Kate st','94102', 37.77509, -122.481373, 7),
('"2694"','Angel','009.jpeg','awesome', 0, 1, 99, 'day', '2017-10-04', '0000000000','Angel@gmail.com','704Angel st','94102', 37.750663, -122.411543, 2),
('"9119"','Andrew','001.jpeg','awesome', 0, 1, 95, 'day', '2017-10-04', '0000000000','Andrew@gmail.com','399Andrew st','94102', 37.76642, -122.474113, 9),
('"7325"','Umi','001.jpeg','awesome', 0, 1, 63, 'day', '2017-10-04', '0000000000','Umi@gmail.com','962Umi st','94102', 37.79332, -122.434252, 2),
('"2288"','Kate','001.jpeg','awesome', 0, 1, 59, 'day', '2017-10-04', '0000000000','Kate@gmail.com','48Kate st','94102', 37.780436, -122.392746, 5),
('"9070"','Mara','005.jpeg','awesome', 0, 1, 63, 'day', '2017-10-04', '0000000000','Mara@gmail.com','167Mara st','94102', 37.788526, -122.457169, 5),
('"2337"','Tim','005.jpeg','awesome', 0, 1, 97, 'day', '2017-10-04', '0000000000','Tim@gmail.com','189Tim st','94102', 37.791152, -122.414445, 3),
('"7790"','Victor','004.jpeg','awesome', 0, 1, 66, 'day', '2017-10-04', '0000000000','Victor@gmail.com','462Victor st','94102', 37.776214, -122.415308, 9),
('"236"','Clark','002.jpeg','awesome', 0, 1, 54, 'day', '2017-10-04', '0000000000','Clark@gmail.com','227Clark st','94102', 37.782029, -122.497779, 2),
('"9287"','Mara','002.jpeg','awesome', 0, 1, 0, 'day', '2017-10-04', '0000000000','Mara@gmail.com','786Mara st','94102', 37.783142, -122.397351, 4),
('"4125"','Mara','003.jpeg','awesome', 0, 1, 52, 'day', '2017-10-04', '0000000000','Mara@gmail.com','659Mara st','94102', 37.749114, -122.457306, 7),
('"1853"','Steve','008.jpeg','awesome', 0, 1, 25, 'day', '2017-10-04', '0000000000','Steve@gmail.com','216Steve st','94102', 37.785899, -122.460279, 6),
('"2696"','Duck','007.jpeg','awesome', 0, 1, 0, 'day', '2017-10-04', '0000000000','Duck@gmail.com','578Duck st','94102', 37.763481, -122.407953, 6),
('"6328"','Kevin','009.jpeg','awesome', 0, 1, 19, 'day', '2017-10-04', '0000000000','Kevin@gmail.com','22Kevin st','94102', 37.770151, -122.4674, 5),
('"309"','Clark','008.jpeg','awesome', 0, 1, 97, 'day', '2017-10-04', '0000000000','Clark@gmail.com','10Clark st','94102', 37.80028, -122.484568, 10),
('"2961"','Kanye','008.jpeg','awesome', 0, 1, 0, 'day', '2017-10-04', '0000000000','Kanye@gmail.com','654Kanye st','94102', 37.774208, -122.476119, 6),
('"2423"','Steve','002.jpeg','awesome', 0, 1, 48, 'day', '2017-10-04', '0000000000','Steve@gmail.com','59Steve st','94102', 37.766641, -122.406934, 10),
('"4781"','Steve','007.jpeg','awesome', 0, 1, 35, 'day', '2017-10-04', '0000000000','Steve@gmail.com','253Steve st','94102', 37.756976, -122.474276, 2),
('"974"','Ken','002.jpeg','awesome', 0, 1, 92, 'day', '2017-10-04', '0000000000','Ken@gmail.com','611Ken st','94102', 37.795144, -122.43772, 2),
('"2506"','Victor','009.jpeg','awesome', 0, 1, 67, 'day', '2017-10-04', '0000000000','Victor@gmail.com','701Victor st','94102', 37.779282, -122.428777, 7),
('"7553"','Clark','009.jpeg','awesome', 0, 1, 38, 'day', '2017-10-04', '0000000000','Clark@gmail.com','166Clark st','94102', 37.749386, -122.511987, 1),
('"7512"','Zooey','008.jpeg','awesome', 0, 1, 95, 'day', '2017-10-04', '0000000000','Zooey@gmail.com','164Zooey st','94102', 37.785274, -122.507482, 10),
('"8348"','Zooey','009.jpeg','awesome', 0, 1, 24, 'day', '2017-10-04', '0000000000','Zooey@gmail.com','278Zooey st','94102', 37.79002, -122.472363, 5),
('"1568"','Tim','005.jpeg','awesome', 0, 1, 20, 'day', '2017-10-04', '0000000000','Tim@gmail.com','370Tim st','94102', 37.748566, -122.43023, 5),
('"7547"','Jerry','009.jpeg','awesome', 0, 1, 15, 'day', '2017-10-04', '0000000000','Jerry@gmail.com','189Jerry st','94102', 37.803608, -122.503496, 5),
('"2437"','Ken','003.jpeg','awesome', 0, 1, 89, 'day', '2017-10-04', '0000000000','Ken@gmail.com','271Ken st','94102', 37.794016, -122.512386, 7),
('"1119"','Ken','003.jpeg','awesome', 0, 1, 50, 'day', '2017-10-04', '0000000000','Ken@gmail.com','173Ken st','94102', 37.80588, -122.41629, 9),
('"4197"','Zooey','005.jpeg','awesome', 0, 1, 79, 'day', '2017-10-04', '0000000000','Zooey@gmail.com','86Zooey st','94102', 37.799215, -122.448026, 7),
('"7045"','Steven','004.jpeg','awesome', 0, 1, 17, 'day', '2017-10-04', '0000000000','Steven@gmail.com','216Steven st','94102', 37.760656, -122.432478, 5),
('"3229"','Steve','004.jpeg','awesome', 0, 1, 93, 'day', '2017-10-04', '0000000000','Steve@gmail.com','213Steve st','94102', 37.802711, -122.411101, 2),
('"6350"','Umi','009.jpeg','awesome', 0, 1, 37, 'day', '2017-10-04', '0000000000','Umi@gmail.com','59Umi st','94102', 37.793251, -122.485766, 6),
('"9962"','Rowena','004.jpeg','awesome', 0, 1, 85, 'day', '2017-10-04', '0000000000','Rowena@gmail.com','46Rowena st','94102', 37.773221, -122.461376, 8),
('"250"','Steve','007.jpeg','awesome', 0, 1, 45, 'day', '2017-10-04', '0000000000','Steve@gmail.com','298Steve st','94102', 37.777168, -122.417617, 8),
('"8608"','Zooey','004.jpeg','awesome', 0, 1, 54, 'day', '2017-10-04', '0000000000','Zooey@gmail.com','561Zooey st','94102', 37.772133, -122.40392, 8),
('"8940"','Tim','002.jpeg','awesome', 0, 1, 22, 'day', '2017-10-04', '0000000000','Tim@gmail.com','64Tim st','94102', 37.800682, -122.462304, 8),
('"3746"','Zooey','005.jpeg','awesome', 0, 1, 48, 'day', '2017-10-04', '0000000000','Zooey@gmail.com','29Zooey st','94102', 37.789241, -122.493576, 5),
('"9638"','Duck','007.jpeg','awesome', 0, 1, 73, 'day', '2017-10-04', '0000000000','Duck@gmail.com','498Duck st','94102', 37.796003, -122.444341, 3),
('"1615"','Rowena','004.jpeg','awesome', 0, 1, 46, 'day', '2017-10-04', '0000000000','Rowena@gmail.com','733Rowena st','94102', 37.768637, -122.474717, 3),
('"2824"','Ken','008.jpeg','awesome', 0, 1, 64, 'day', '2017-10-04', '0000000000','Ken@gmail.com','277Ken st','94102', 37.78187, -122.466179, 4),
('"3077"','Steve','006.jpeg','awesome', 0, 1, 30, 'day', '2017-10-04', '0000000000','Steve@gmail.com','962Steve st','94102', 37.802149, -122.447981, 5),
('"8579"','Tim','008.jpeg','awesome', 0, 1, 11, 'day', '2017-10-04', '0000000000','Tim@gmail.com','416Tim st','94102', 37.790449, -122.399692, 1),
('"205"','Duck','001.jpeg','awesome', 0, 1, 76, 'day', '2017-10-04', '0000000000','Duck@gmail.com','825Duck st','94102', 37.801387, -122.441433, 8),
('"3041"','Jerry','009.jpeg','awesome', 0, 1, 10, 'day', '2017-10-04', '0000000000','Jerry@gmail.com','681Jerry st','94102', 37.757721, -122.444042, 0),
('"6268"','Jerry','008.jpeg','awesome', 0, 1, 68, 'day', '2017-10-04', '0000000000','Jerry@gmail.com','373Jerry st','94102', 37.761234, -122.392964, 4),
('"2579"','Angel','006.jpeg','awesome', 0, 1, 45, 'day', '2017-10-04', '0000000000','Angel@gmail.com','847Angel st','94102', 37.771594, -122.463917, 6),
('"9108"','Jerry','006.jpeg','awesome', 0, 1, 40, 'day', '2017-10-04', '0000000000','Jerry@gmail.com','431Jerry st','94102', 37.770737, -122.419452, 9),
('"8098"','Zooey','001.jpeg','awesome', 0, 1, 25, 'day', '2017-10-04', '0000000000','Zooey@gmail.com','191Zooey st','94102', 37.764337, -122.507306, 0),
('"3153"','Victor','007.jpeg','awesome', 0, 1, 9, 'day', '2017-10-04', '0000000000','Victor@gmail.com','311Victor st','94102', 37.788615, -122.507241, 6),
('"5008"','Ken','006.jpeg','awesome', 0, 1, 77, 'day', '2017-10-04', '0000000000','Ken@gmail.com','964Ken st','94102', 37.777333, -122.410299, 8),
('"2333"','Andrew','004.jpeg','awesome', 0, 1, 42, 'day', '2017-10-04', '0000000000','Andrew@gmail.com','726Andrew st','94102', 37.751647, -122.466758, 3),
('"5489"','Donald','007.jpeg','awesome', 0, 1, 60, 'day', '2017-10-04', '0000000000','Donald@gmail.com','150Donald st','94102', 37.775508, -122.503901, 10),
('"6860"','Kate','001.jpeg','awesome', 0, 1, 17, 'day', '2017-10-04', '0000000000','Kate@gmail.com','434Kate st','94102', 37.761743, -122.508895, 1),
('"6993"','Rowena','003.jpeg','awesome', 0, 1, 78, 'day', '2017-10-04', '0000000000','Rowena@gmail.com','501Rowena st','94102', 37.760746, -122.492232, 5),
('"1177"','Umi','005.jpeg','awesome', 0, 1, 32, 'day', '2017-10-04', '0000000000','Umi@gmail.com','543Umi st','94102', 37.766681, -122.50701, 7),
('"1213"','Tim','002.jpeg','awesome', 0, 1, 94, 'day', '2017-10-04', '0000000000','Tim@gmail.com','989Tim st','94102', 37.764356, -122.498122, 7),
('"5693"','Rowena','004.jpeg','awesome', 0, 1, 1, 'day', '2017-10-04', '0000000000','Rowena@gmail.com','901Rowena st','94102', 37.797273, -122.415328, 10),
('"8934"','Steve','008.jpeg','awesome', 0, 1, 95, 'day', '2017-10-04', '0000000000','Steve@gmail.com','536Steve st','94102', 37.785882, -122.466457, 3),
('"1626"','Clark','005.jpeg','awesome', 0, 1, 28, 'day', '2017-10-04', '0000000000','Clark@gmail.com','947Clark st','94102', 37.773031, -122.446287, 9),
('"4775"','Kevin','007.jpeg','awesome', 0, 1, 3, 'day', '2017-10-04', '0000000000','Kevin@gmail.com','860Kevin st','94102', 37.804809, -122.451747, 8),
('"3293"','Kevin','003.jpeg','awesome', 0, 1, 68, 'day', '2017-10-04', '0000000000','Kevin@gmail.com','72Kevin st','94102', 37.794403, -122.441437, 1),
('"702"','Zooey','008.jpeg','awesome', 0, 1, 87, 'day', '2017-10-04', '0000000000','Zooey@gmail.com','821Zooey st','94102', 37.771021, -122.476555, 6),
('"6339"','Angel','006.jpeg','awesome', 0, 1, 66, 'day', '2017-10-04', '0000000000','Angel@gmail.com','345Angel st','94102', 37.803308, -122.424219, 9),
('"9734"','Zooey','007.jpeg','awesome', 0, 1, 76, 'day', '2017-10-04', '0000000000','Zooey@gmail.com','140Zooey st','94102', 37.754576, -122.462953, 1),
('"1975"','Jerry','009.jpeg','awesome', 0, 1, 63, 'day', '2017-10-04', '0000000000','Jerry@gmail.com','249Jerry st','94102', 37.750619, -122.461317, 6),
('"9965"','Angel','007.jpeg','awesome', 0, 1, 72, 'day', '2017-10-04', '0000000000','Angel@gmail.com','385Angel st','94102', 37.800132, -122.401829, 4),
('"2314"','Jerry','009.jpeg','awesome', 0, 1, 73, 'day', '2017-10-04', '0000000000','Jerry@gmail.com','377Jerry st','94102', 37.776867, -122.505071, 3),
('"9520"','Kate','008.jpeg','awesome', 0, 1, 84, 'day', '2017-10-04', '0000000000','Kate@gmail.com','277Kate st','94102', 37.752109, -122.468039, 4),
('"2614"','Angel','002.jpeg','awesome', 0, 1, 8, 'day', '2017-10-04', '0000000000','Angel@gmail.com','567Angel st','94102', 37.757955, -122.413393, 3),
('"7713"','Kanye','005.jpeg','awesome', 0, 1, 56, 'day', '2017-10-04', '0000000000','Kanye@gmail.com','30Kanye st','94102', 37.776849, -122.393371, 8),
('"2601"','Kevin','005.jpeg','awesome', 0, 1, 33, 'day', '2017-10-04', '0000000000','Kevin@gmail.com','327Kevin st','94102', 37.785149, -122.5093, 7),
('"3680"','Kanye','003.jpeg','awesome', 0, 1, 81, 'day', '2017-10-04', '0000000000','Kanye@gmail.com','978Kanye st','94102', 37.80299, -122.441483, 2),
('"1013"','Kate','005.jpeg','awesome', 0, 1, 77, 'day', '2017-10-04', '0000000000','Kate@gmail.com','172Kate st','94102', 37.773841, -122.481142, 3),
('"6514"','Tim','006.jpeg','awesome', 0, 1, 41, 'day', '2017-10-04', '0000000000','Tim@gmail.com','751Tim st','94102', 37.749064, -122.509494, 9),
('"8443"','Victor','001.jpeg','awesome', 0, 1, 72, 'day', '2017-10-04', '0000000000','Victor@gmail.com','120Victor st','94102', 37.774496, -122.508706, 5),
('"1757"','Steve','002.jpeg','awesome', 0, 1, 74, 'day', '2017-10-04', '0000000000','Steve@gmail.com','165Steve st','94102', 37.761541, -122.484867, 4),
('"8503"','Steven','004.jpeg','awesome', 0, 1, 39, 'day', '2017-10-04', '0000000000','Steven@gmail.com','530Steven st','94102', 37.772494, -122.487047, 1),
('"1995"','Clark','009.jpeg','awesome', 0, 1, 16, 'day', '2017-10-04', '0000000000','Clark@gmail.com','769Clark st','94102', 37.770784, -122.445744, 6),
('"4685"','Ken','007.jpeg','awesome', 0, 1, 63, 'day', '2017-10-04', '0000000000','Ken@gmail.com','650Ken st','94102', 37.776289, -122.433762, 7),
('"2699"','Victor','007.jpeg','awesome', 0, 1, 27, 'day', '2017-10-04', '0000000000','Victor@gmail.com','216Victor st','94102', 37.793551, -122.387913, 4),
('"722"','Clark','009.jpeg','awesome', 0, 1, 10, 'day', '2017-10-04', '0000000000','Clark@gmail.com','873Clark st','94102', 37.784801, -122.425076, 5),
('"1680"','Donald','004.jpeg','awesome', 0, 1, 21, 'day', '2017-10-04', '0000000000','Donald@gmail.com','219Donald st','94102', 37.806931, -122.477321, 5),
('"2853"','Donald','008.jpeg','awesome', 0, 1, 33, 'day', '2017-10-04', '0000000000','Donald@gmail.com','451Donald st','94102', 37.794886, -122.454935, 5),
('"5864"','Angel','006.jpeg','awesome', 0, 1, 89, 'day', '2017-10-04', '0000000000','Angel@gmail.com','456Angel st','94102', 37.748154, -122.439571, 10),
('"7901"','Victor','003.jpeg','awesome', 0, 1, 64, 'day', '2017-10-04', '0000000000','Victor@gmail.com','68Victor st','94102', 37.788953, -122.479668, 7),
('"6992"','Rowena','006.jpeg','awesome', 0, 1, 2, 'day', '2017-10-04', '0000000000','Rowena@gmail.com','622Rowena st','94102', 37.773089, -122.50058, 3),
('"7379"','Kanye','009.jpeg','awesome', 0, 1, 70, 'day', '2017-10-04', '0000000000','Kanye@gmail.com','187Kanye st','94102', 37.756548, -122.418465, 5),
('"6118"','Jerry','003.jpeg','awesome', 0, 1, 37, 'day', '2017-10-04', '0000000000','Jerry@gmail.com','825Jerry st','94102', 37.75764, -122.397971, 6),
('"3507"','Steven','009.jpeg','awesome', 0, 1, 19, 'day', '2017-10-04', '0000000000','Steven@gmail.com','716Steven st','94102', 37.80228, -122.408716, 6),
('"5442"','Ken','007.jpeg','awesome', 0, 1, 11, 'day', '2017-10-04', '0000000000','Ken@gmail.com','172Ken st','94102', 37.78044, -122.503919, 1),
('"8162"','Kate','004.jpeg','awesome', 0, 1, 96, 'day', '2017-10-04', '0000000000','Kate@gmail.com','115Kate st','94102', 37.798925, -122.42893, 9),
('"2476"','Jerry','009.jpeg','awesome', 0, 1, 62, 'day', '2017-10-04', '0000000000','Jerry@gmail.com','809Jerry st','94102', 37.795999, -122.478992, 2),
('"4195"','Steve','004.jpeg','awesome', 0, 1, 8, 'day', '2017-10-04', '0000000000','Steve@gmail.com','839Steve st','94102', 37.777801, -122.431411, 7),
('"516"','Kate','008.jpeg','awesome', 0, 1, 77, 'day', '2017-10-04', '0000000000','Kate@gmail.com','864Kate st','94102', 37.789854, -122.431478, 9),
('"7660"','Umi','008.jpeg','awesome', 0, 1, 86, 'day', '2017-10-04', '0000000000','Umi@gmail.com','830Umi st','94102', 37.749376, -122.395201, 6),
('"5239"','Steve','005.jpeg','awesome', 0, 1, 91, 'day', '2017-10-04', '0000000000','Steve@gmail.com','849Steve st','94102', 37.806541, -122.443418, 6),
('"8132"','Steve','005.jpeg','awesome', 0, 1, 31, 'day', '2017-10-04', '0000000000','Steve@gmail.com','140Steve st','94102', 37.768986, -122.429593, 2),
('"867"','Angel','002.jpeg','awesome', 0, 1, 71, 'day', '2017-10-04', '0000000000','Angel@gmail.com','969Angel st','94102', 37.80524, -122.393079, 7),
('"3167"','Steven','006.jpeg','awesome', 0, 1, 97, 'day', '2017-10-04', '0000000000','Steven@gmail.com','953Steven st','94102', 37.781843, -122.407318, 0),
('"573"','Steve','009.jpeg','awesome', 0, 1, 80, 'day', '2017-10-04', '0000000000','Steve@gmail.com','791Steve st','94102', 37.780898, -122.511227, 5),
('"5207"','Andrew','003.jpeg','awesome', 0, 1, 54, 'day', '2017-10-04', '0000000000','Andrew@gmail.com','103Andrew st','94102', 37.757835, -122.402671, 10),
('"5829"','Ken','006.jpeg','awesome', 0, 1, 39, 'day', '2017-10-04', '0000000000','Ken@gmail.com','110Ken st','94102', 37.794374, -122.421475, 6),
('"2902"','Andrew','005.jpeg','awesome', 0, 1, 56, 'day', '2017-10-04', '0000000000','Andrew@gmail.com','652Andrew st','94102', 37.751849, -122.398138, 9),
('"8635"','Steve','004.jpeg','awesome', 0, 1, 16, 'day', '2017-10-04', '0000000000','Steve@gmail.com','817Steve st','94102', 37.767438, -122.419906, 10),
('"8323"','Mara','007.jpeg','awesome', 0, 1, 38, 'day', '2017-10-04', '0000000000','Mara@gmail.com','583Mara st','94102', 37.766749, -122.48718, 0),
('"5423"','Kate','009.jpeg','awesome', 0, 1, 34, 'day', '2017-10-04', '0000000000','Kate@gmail.com','664Kate st','94102', 37.761314, -122.496469, 2),
('"3878"','Kevin','008.jpeg','awesome', 0, 1, 74, 'day', '2017-10-04', '0000000000','Kevin@gmail.com','763Kevin st','94102', 37.766622, -122.443826, 4),
('"8145"','Kevin','005.jpeg','awesome', 0, 1, 96, 'day', '2017-10-04', '0000000000','Kevin@gmail.com','919Kevin st','94102', 37.779292, -122.392861, 7),
('"4784"','Steve','008.jpeg','awesome', 0, 1, 32, 'day', '2017-10-04', '0000000000','Steve@gmail.com','592Steve st','94102', 37.755607, -122.458959, 0),
('"9574"','Rowena','007.jpeg','awesome', 0, 1, 29, 'day', '2017-10-04', '0000000000','Rowena@gmail.com','665Rowena st','94102', 37.80502, -122.499593, 6),
('"2079"','Angel','004.jpeg','awesome', 0, 1, 17, 'day', '2017-10-04', '0000000000','Angel@gmail.com','177Angel st','94102', 37.790596, -122.486018, 2),
('"3043"','Angel','001.jpeg','awesome', 0, 1, 95, 'day', '2017-10-04', '0000000000','Angel@gmail.com','591Angel st','94102', 37.763692, -122.460649, 3),
('"2970"','Kevin','003.jpeg','awesome', 0, 1, 64, 'day', '2017-10-04', '0000000000','Kevin@gmail.com','857Kevin st','94102', 37.770957, -122.411837, 2),
('"8096"','Kate','001.jpeg','awesome', 0, 1, 12, 'day', '2017-10-04', '0000000000','Kate@gmail.com','594Kate st','94102', 37.748752, -122.435571, 10),
('"5300"','Ken','004.jpeg','awesome', 0, 1, 48, 'day', '2017-10-04', '0000000000','Ken@gmail.com','664Ken st','94102', 37.796089, -122.431171, 2),
('"7163"','Jerry','007.jpeg','awesome', 0, 1, 86, 'day', '2017-10-04', '0000000000','Jerry@gmail.com','634Jerry st','94102', 37.769243, -122.477265, 3),
('"9405"','Kevin','003.jpeg','awesome', 0, 1, 59, 'day', '2017-10-04', '0000000000','Kevin@gmail.com','689Kevin st','94102', 37.764694, -122.426576, 0),
('"2187"','Umi','007.jpeg','awesome', 0, 1, 37, 'day', '2017-10-04', '0000000000','Umi@gmail.com','750Umi st','94102', 37.780773, -122.504285, 0),
('"1261"','Victor','003.jpeg','awesome', 0, 1, 99, 'day', '2017-10-04', '0000000000','Victor@gmail.com','483Victor st','94102', 37.748108, -122.460712, 1),
('"5870"','Jerry','003.jpeg','awesome', 0, 1, 51, 'day', '2017-10-04', '0000000000','Jerry@gmail.com','52Jerry st','94102', 37.768641, -122.488328, 4),
('"7920"','Steve','009.jpeg','awesome', 0, 1, 95, 'day', '2017-10-04', '0000000000','Steve@gmail.com','913Steve st','94102', 37.76377, -122.405385, 1),
('"9137"','Victor','002.jpeg','awesome', 0, 1, 38, 'day', '2017-10-04', '0000000000','Victor@gmail.com','665Victor st','94102', 37.758292, -122.508933, 8),
('"2477"','Jerry','007.jpeg','awesome', 0, 1, 12, 'day', '2017-10-04', '0000000000','Jerry@gmail.com','832Jerry st','94102', 37.784562, -122.460499, 0),
('"7230"','Tim','005.jpeg','awesome', 0, 1, 3, 'day', '2017-10-04', '0000000000','Tim@gmail.com','504Tim st','94102', 37.780774, -122.504786, 8),
('"7375"','Kate','008.jpeg','awesome', 0, 1, 57, 'day', '2017-10-04', '0000000000','Kate@gmail.com','163Kate st','94102', 37.799357, -122.421203, 2),
('"3114"','Victor','007.jpeg','awesome', 0, 1, 16, 'day', '2017-10-04', '0000000000','Victor@gmail.com','945Victor st','94102', 37.77539, -122.46952, 7),
('"3365"','Tim','009.jpeg','awesome', 0, 1, 96, 'day', '2017-10-04', '0000000000','Tim@gmail.com','779Tim st','94102', 37.780617, -122.432829, 8),
('"1531"','Steve','007.jpeg','awesome', 0, 1, 72, 'day', '2017-10-04', '0000000000','Steve@gmail.com','423Steve st','94102', 37.755639, -122.47601, 2),
('"557"','Steve','001.jpeg','awesome', 0, 1, 29, 'day', '2017-10-04', '0000000000','Steve@gmail.com','440Steve st','94102', 37.797868, -122.479461, 9),
('"2595"','Umi','009.jpeg','awesome', 0, 1, 91, 'day', '2017-10-04', '0000000000','Umi@gmail.com','95Umi st','94102', 37.77417, -122.491346, 8),
('"4806"','Kanye','003.jpeg','awesome', 0, 1, 81, 'day', '2017-10-04', '0000000000','Kanye@gmail.com','679Kanye st','94102', 37.79298, -122.412894, 0),
('"5889"','Kevin','007.jpeg','awesome', 0, 1, 50, 'day', '2017-10-04', '0000000000','Kevin@gmail.com','17Kevin st','94102', 37.770657, -122.482153, 7),
('"5962"','Kanye','007.jpeg','awesome', 0, 1, 27, 'day', '2017-10-04', '0000000000','Kanye@gmail.com','169Kanye st','94102', 37.791659, -122.452204, 5),
('"6292"','Rowena','002.jpeg','awesome', 0, 1, 28, 'day', '2017-10-04', '0000000000','Rowena@gmail.com','177Rowena st','94102', 37.791962, -122.451885, 6),
('"8609"','Donald','002.jpeg','awesome', 0, 1, 29, 'day', '2017-10-04', '0000000000','Donald@gmail.com','84Donald st','94102', 37.758724, -122.488746, 3),
('"6454"','Mara','008.jpeg','awesome', 0, 1, 57, 'day', '2017-10-04', '0000000000','Mara@gmail.com','228Mara st','94102', 37.784433, -122.408972, 3),
('"5926"','Zooey','003.jpeg','awesome', 0, 1, 45, 'day', '2017-10-04', '0000000000','Zooey@gmail.com','493Zooey st','94102', 37.770888, -122.438879, 0),
('"594"','Steven','003.jpeg','awesome', 0, 1, 44, 'day', '2017-10-04', '0000000000','Steven@gmail.com','462Steven st','94102', 37.768534, -122.406295, 1),
('"6012"','Kate','006.jpeg','awesome', 0, 1, 11, 'day', '2017-10-04', '0000000000','Kate@gmail.com','495Kate st','94102', 37.806625, -122.394585, 2),
('"2962"','Zooey','009.jpeg','awesome', 0, 1, 62, 'day', '2017-10-04', '0000000000','Zooey@gmail.com','416Zooey st','94102', 37.785899, -122.415965, 1),
('"4253"','Rowena','001.jpeg','awesome', 0, 1, 37, 'day', '2017-10-04', '0000000000','Rowena@gmail.com','143Rowena st','94102', 37.805979, -122.452355, 10),
('"7048"','Steve','003.jpeg','awesome', 0, 1, 41, 'day', '2017-10-04', '0000000000','Steve@gmail.com','981Steve st','94102', 37.752739, -122.493347, 3),
('"4027"','Andrew','002.jpeg','awesome', 0, 1, 42, 'day', '2017-10-04', '0000000000','Andrew@gmail.com','413Andrew st','94102', 37.753983, -122.459808, 0),
('"6667"','Steve','002.jpeg','awesome', 0, 1, 97, 'day', '2017-10-04', '0000000000','Steve@gmail.com','750Steve st','94102', 37.803931, -122.424136, 7),
('"6632"','Kate','008.jpeg','awesome', 0, 1, 10, 'day', '2017-10-04', '0000000000','Kate@gmail.com','411Kate st','94102', 37.760065, -122.432496, 7),
('"6942"','Angel','002.jpeg','awesome', 0, 1, 87, 'day', '2017-10-04', '0000000000','Angel@gmail.com','774Angel st','94102', 37.798917, -122.493778, 10),
('"2308"','Steven','008.jpeg','awesome', 0, 1, 8, 'day', '2017-10-04', '0000000000','Steven@gmail.com','63Steven st','94102', 37.754773, -122.441943, 6),
('"4157"','Clark','007.jpeg','awesome', 0, 1, 80, 'day', '2017-10-04', '0000000000','Clark@gmail.com','832Clark st','94102', 37.753533, -122.389983, 4),
('"110"','Umi','005.jpeg','awesome', 0, 1, 93, 'day', '2017-10-04', '0000000000','Umi@gmail.com','220Umi st','94102', 37.791132, -122.429936, 5),
('"6244"','Steve','005.jpeg','awesome', 0, 1, 82, 'day', '2017-10-04', '0000000000','Steve@gmail.com','45Steve st','94102', 37.801593, -122.480282, 0),
('"7951"','Angel','008.jpeg','awesome', 0, 1, 89, 'day', '2017-10-04', '0000000000','Angel@gmail.com','764Angel st','94102', 37.773644, -122.399831, 10),
('"4248"','Andrew','007.jpeg','awesome', 0, 1, 83, 'day', '2017-10-04', '0000000000','Andrew@gmail.com','784Andrew st','94102', 37.783062, -122.473689, 6),
('"1523"','Kevin','005.jpeg','awesome', 0, 1, 28, 'day', '2017-10-04', '0000000000','Kevin@gmail.com','421Kevin st','94102', 37.802161, -122.396488, 0),
('"7489"','Victor','009.jpeg','awesome', 0, 1, 83, 'day', '2017-10-04', '0000000000','Victor@gmail.com','116Victor st','94102', 37.793186, -122.478986, 8),
('"4120"','Steve','002.jpeg','awesome', 0, 1, 33, 'day', '2017-10-04', '0000000000','Steve@gmail.com','312Steve st','94102', 37.771883, -122.480037, 8),
('"7656"','Rowena','004.jpeg','awesome', 0, 1, 97, 'day', '2017-10-04', '0000000000','Rowena@gmail.com','102Rowena st','94102', 37.751458, -122.467088, 1),
('"6367"','Kevin','002.jpeg','awesome', 0, 1, 99, 'day', '2017-10-04', '0000000000','Kevin@gmail.com','132Kevin st','94102', 37.786598, -122.499346, 1),
('"2751"','Kevin','008.jpeg','awesome', 0, 1, 55, 'day', '2017-10-04', '0000000000','Kevin@gmail.com','60Kevin st','94102', 37.799017, -122.491391, 7),
('"9086"','Ken','009.jpeg','awesome', 0, 1, 55, 'day', '2017-10-04', '0000000000','Ken@gmail.com','608Ken st','94102', 37.806702, -122.402721, 9),
('"3942"','Rowena','007.jpeg','awesome', 0, 1, 55, 'day', '2017-10-04', '0000000000','Rowena@gmail.com','756Rowena st','94102', 37.779527, -122.460834, 9),
('"6083"','Angel','006.jpeg','awesome', 0, 1, 91, 'day', '2017-10-04', '0000000000','Angel@gmail.com','672Angel st','94102', 37.790289, -122.465499, 2),
('"7096"','Kate','005.jpeg','awesome', 0, 1, 99, 'day', '2017-10-04', '0000000000','Kate@gmail.com','0Kate st','94102', 37.750259, -122.448291, 1),
('"1141"','Kanye','005.jpeg','awesome', 0, 1, 5, 'day', '2017-10-04', '0000000000','Kanye@gmail.com','444Kanye st','94102', 37.765791, -122.481636, 1),
('"4781"','Steve','007.jpeg','awesome', 0, 1, 30, 'day', '2017-10-04', '0000000000','Steve@gmail.com','279Steve st','94102', 37.771249, -122.400581, 6),
('"75"','Andrew','004.jpeg','awesome', 0, 1, 19, 'day', '2017-10-04', '0000000000','Andrew@gmail.com','551Andrew st','94102', 37.799425, -122.423426, 7),
('"8122"','Donald','008.jpeg','awesome', 0, 1, 10, 'day', '2017-10-04', '0000000000','Donald@gmail.com','661Donald st','94102', 37.774974, -122.402325, 4),
('"9490"','Victor','004.jpeg','awesome', 0, 1, 96, 'day', '2017-10-04', '0000000000','Victor@gmail.com','717Victor st','94102', 37.806438, -122.389878, 0),
('"5173"','Steve','005.jpeg','awesome', 0, 1, 57, 'day', '2017-10-04', '0000000000','Steve@gmail.com','21Steve st','94102', 37.801092, -122.465313, 7),
('"666"','Angel','007.jpeg','awesome', 0, 1, 67, 'day', '2017-10-04', '0000000000','Angel@gmail.com','954Angel st','94102', 37.762341, -122.468359, 1),
('"9500"','Zooey','004.jpeg','awesome', 0, 1, 56, 'day', '2017-10-04', '0000000000','Zooey@gmail.com','151Zooey st','94102', 37.795721, -122.445498, 5),
('"9904"','Clark','004.jpeg','awesome', 0, 1, 47, 'day', '2017-10-04', '0000000000','Clark@gmail.com','786Clark st','94102', 37.771759, -122.438031, 5),
('"2394"','Kanye','003.jpeg','awesome', 0, 1, 80, 'day', '2017-10-04', '0000000000','Kanye@gmail.com','294Kanye st','94102', 37.800791, -122.414135, 7),
('"9098"','Steve','003.jpeg','awesome', 0, 1, 98, 'day', '2017-10-04', '0000000000','Steve@gmail.com','499Steve st','94102', 37.799974, -122.491932, 5),
('"7645"','Donald','006.jpeg','awesome', 0, 1, 1, 'day', '2017-10-04', '0000000000','Donald@gmail.com','722Donald st','94102', 37.78322, -122.490938, 1),
('"4002"','Andrew','003.jpeg','awesome', 0, 1, 27, 'day', '2017-10-04', '0000000000','Andrew@gmail.com','294Andrew st','94102', 37.80718, -122.513557, 0),
('"8312"','Rowena','003.jpeg','awesome', 0, 1, 49, 'day', '2017-10-04', '0000000000','Rowena@gmail.com','285Rowena st','94102', 37.791794, -122.498112, 6),
('"8041"','Steven','009.jpeg','awesome', 0, 1, 74, 'day', '2017-10-04', '0000000000','Steven@gmail.com','283Steven st','94102', 37.781719, -122.403689, 2),
('"7156"','Steve','002.jpeg','awesome', 0, 1, 31, 'day', '2017-10-04', '0000000000','Steve@gmail.com','323Steve st','94102', 37.773527, -122.483501, 6),
('"192"','Ken','009.jpeg','awesome', 0, 1, 18, 'day', '2017-10-04', '0000000000','Ken@gmail.com','213Ken st','94102', 37.794949, -122.45896, 6),
('"1720"','Ken','008.jpeg','awesome', 0, 1, 5, 'day', '2017-10-04', '0000000000','Ken@gmail.com','436Ken st','94102', 37.75367, -122.434233, 10),
('"867"','Duck','009.jpeg','awesome', 0, 1, 54, 'day', '2017-10-04', '0000000000','Duck@gmail.com','311Duck st','94102', 37.775472, -122.401215, 10),
('"6927"','Ken','003.jpeg','awesome', 0, 1, 22, 'day', '2017-10-04', '0000000000','Ken@gmail.com','702Ken st','94102', 37.761293, -122.482414, 3),
('"1640"','Kate','007.jpeg','awesome', 0, 1, 82, 'day', '2017-10-04', '0000000000','Kate@gmail.com','72Kate st','94102', 37.790833, -122.45421, 7),
('"7144"','Umi','004.jpeg','awesome', 0, 1, 1, 'day', '2017-10-04', '0000000000','Umi@gmail.com','44Umi st','94102', 37.748374, -122.411579, 9),
('"4364"','Angel','001.jpeg','awesome', 0, 1, 57, 'day', '2017-10-04', '0000000000','Angel@gmail.com','714Angel st','94102', 37.76496, -122.399359, 0),
('"3148"','Duck','008.jpeg','awesome', 0, 1, 11, 'day', '2017-10-04', '0000000000','Duck@gmail.com','172Duck st','94102', 37.775386, -122.473548, 10),
('"7890"','Mara','004.jpeg','awesome', 0, 1, 94, 'day', '2017-10-04', '0000000000','Mara@gmail.com','84Mara st','94102', 37.774861, -122.419325, 9),
('"8713"','Jerry','005.jpeg','awesome', 0, 1, 11, 'day', '2017-10-04', '0000000000','Jerry@gmail.com','572Jerry st','94102', 37.781309, -122.46755, 0),
('"7528"','Steve','005.jpeg','awesome', 0, 1, 23, 'day', '2017-10-04', '0000000000','Steve@gmail.com','934Steve st','94102', 37.760608, -122.455108, 6),
('"3566"','Zooey','008.jpeg','awesome', 0, 1, 22, 'day', '2017-10-04', '0000000000','Zooey@gmail.com','113Zooey st','94102', 37.788166, -122.424347, 4),
('"239"','Kanye','002.jpeg','awesome', 0, 1, 39, 'day', '2017-10-04', '0000000000','Kanye@gmail.com','961Kanye st','94102', 37.782306, -122.424884, 6),
('"3142"','Kanye','001.jpeg','awesome', 0, 1, 72, 'day', '2017-10-04', '0000000000','Kanye@gmail.com','993Kanye st','94102', 37.773431, -122.507372, 3),
('"6175"','Donald','009.jpeg','awesome', 0, 1, 97, 'day', '2017-10-04', '0000000000','Donald@gmail.com','129Donald st','94102', 37.776961, -122.401933, 2),
('"3626"','Steve','008.jpeg','awesome', 0, 1, 84, 'day', '2017-10-04', '0000000000','Steve@gmail.com','670Steve st','94102', 37.764135, -122.459039, 1),
('"908"','Tim','007.jpeg','awesome', 0, 1, 86, 'day', '2017-10-04', '0000000000','Tim@gmail.com','463Tim st','94102', 37.783567, -122.422562, 7),
('"5741"','Tim','007.jpeg','awesome', 0, 1, 31, 'day', '2017-10-04', '0000000000','Tim@gmail.com','527Tim st','94102', 37.769833, -122.425212, 2),
('"3826"','Donald','003.jpeg','awesome', 0, 1, 24, 'day', '2017-10-04', '0000000000','Donald@gmail.com','82Donald st','94102', 37.787312, -122.42203, 0),
('"2416"','Umi','008.jpeg','awesome', 0, 1, 67, 'day', '2017-10-04', '0000000000','Umi@gmail.com','770Umi st','94102', 37.769337, -122.389297, 4),
('"8179"','Umi','002.jpeg','awesome', 0, 1, 84, 'day', '2017-10-04', '0000000000','Umi@gmail.com','501Umi st','94102', 37.795612, -122.402366, 5),
('"4217"','Angel','006.jpeg','awesome', 0, 1, 38, 'day', '2017-10-04', '0000000000','Angel@gmail.com','708Angel st','94102', 37.750391, -122.493401, 3),
('"3402"','Steve','008.jpeg','awesome', 0, 1, 99, 'day', '2017-10-04', '0000000000','Steve@gmail.com','174Steve st','94102', 37.807334, -122.507289, 8),
('"183"','Andrew','008.jpeg','awesome', 0, 1, 80, 'day', '2017-10-04', '0000000000','Andrew@gmail.com','225Andrew st','94102', 37.765993, -122.458861, 5),
('"6435"','Tim','002.jpeg','awesome', 0, 1, 3, 'day', '2017-10-04', '0000000000','Tim@gmail.com','940Tim st','94102', 37.771182, -122.468742, 10),
('"3478"','Clark','001.jpeg','awesome', 0, 1, 88, 'day', '2017-10-04', '0000000000','Clark@gmail.com','329Clark st','94102', 37.784026, -122.502677, 7),
('"7721"','Clark','007.jpeg','awesome', 0, 1, 70, 'day', '2017-10-04', '0000000000','Clark@gmail.com','288Clark st','94102', 37.802435, -122.477935, 7),
('"7861"','Rowena','005.jpeg','awesome', 0, 1, 76, 'day', '2017-10-04', '0000000000','Rowena@gmail.com','767Rowena st','94102', 37.798347, -122.409255, 6),
('"1863"','Donald','005.jpeg','awesome', 0, 1, 75, 'day', '2017-10-04', '0000000000','Donald@gmail.com','171Donald st','94102', 37.77376, -122.462246, 4),
('"9870"','Kanye','007.jpeg','awesome', 0, 1, 98, 'day', '2017-10-04', '0000000000','Kanye@gmail.com','832Kanye st','94102', 37.798416, -122.41898, 7),
('"6626"','Donald','008.jpeg','awesome', 0, 1, 53, 'day', '2017-10-04', '0000000000','Donald@gmail.com','71Donald st','94102', 37.756988, -122.471802, 6),
('"1175"','Angel','001.jpeg','awesome', 0, 1, 13, 'day', '2017-10-04', '0000000000','Angel@gmail.com','455Angel st','94102', 37.782517, -122.500711, 2),
('"2032"','Duck','009.jpeg','awesome', 0, 1, 58, 'day', '2017-10-04', '0000000000','Duck@gmail.com','376Duck st','94102', 37.804821, -122.492093, 2),
('"8999"','Zooey','003.jpeg','awesome', 0, 1, 71, 'day', '2017-10-04', '0000000000','Zooey@gmail.com','679Zooey st','94102', 37.764268, -122.39357, 7),
('"6777"','Clark','001.jpeg','awesome', 0, 1, 24, 'day', '2017-10-04', '0000000000','Clark@gmail.com','61Clark st','94102', 37.767765, -122.400675, 6),
('"344"','Tim','003.jpeg','awesome', 0, 1, 59, 'day', '2017-10-04', '0000000000','Tim@gmail.com','238Tim st','94102', 37.758904, -122.413429, 5),
('"3721"','Clark','009.jpeg','awesome', 0, 1, 8, 'day', '2017-10-04', '0000000000','Clark@gmail.com','968Clark st','94102', 37.767145, -122.510061, 2),
('"5965"','Rowena','005.jpeg','awesome', 0, 1, 54, 'day', '2017-10-04', '0000000000','Rowena@gmail.com','434Rowena st','94102', 37.770924, -122.445774, 7),
('"1294"','Rowena','006.jpeg','awesome', 0, 1, 85, 'day', '2017-10-04', '0000000000','Rowena@gmail.com','936Rowena st','94102', 37.751158, -122.482569, 0),
('"2983"','Steve','006.jpeg','awesome', 0, 1, 64, 'day', '2017-10-04', '0000000000','Steve@gmail.com','474Steve st','94102', 37.785592, -122.431864, 8),
('"1515"','Tim','004.jpeg','awesome', 0, 1, 71, 'day', '2017-10-04', '0000000000','Tim@gmail.com','463Tim st','94102', 37.763407, -122.476653, 5),
('"239"','Rowena','006.jpeg','awesome', 0, 1, 18, 'day', '2017-10-04', '0000000000','Rowena@gmail.com','739Rowena st','94102', 37.781769, -122.428049, 4),
('"8264"','Steve','004.jpeg','awesome', 0, 1, 58, 'day', '2017-10-04', '0000000000','Steve@gmail.com','561Steve st','94102', 37.775521, -122.453747, 1),
('"4027"','Rowena','004.jpeg','awesome', 0, 1, 94, 'day', '2017-10-04', '0000000000','Rowena@gmail.com','760Rowena st','94102', 37.779417, -122.427588, 5),
('"2652"','Andrew','004.jpeg','awesome', 0, 1, 84, 'day', '2017-10-04', '0000000000','Andrew@gmail.com','291Andrew st','94102', 37.772082, -122.423422, 7),
('"1406"','Ken','007.jpeg','awesome', 0, 1, 73, 'day', '2017-10-04', '0000000000','Ken@gmail.com','276Ken st','94102', 37.806372, -122.45938, 9),
('"2040"','Kanye','009.jpeg','awesome', 0, 1, 29, 'day', '2017-10-04', '0000000000','Kanye@gmail.com','999Kanye st','94102', 37.753341, -122.40277, 1),
('"1405"','Clark','001.jpeg','awesome', 0, 1, 81, 'day', '2017-10-04', '0000000000','Clark@gmail.com','430Clark st','94102', 37.79066, -122.438059, 10),
('"4541"','Jerry','009.jpeg','awesome', 0, 1, 81, 'day', '2017-10-04', '0000000000','Jerry@gmail.com','839Jerry st','94102', 37.749411, -122.392387, 0),
('"6548"','Andrew','007.jpeg','awesome', 0, 1, 26, 'day', '2017-10-04', '0000000000','Andrew@gmail.com','769Andrew st','94102', 37.752592, -122.458019, 4),
('"6261"','Victor','007.jpeg','awesome', 0, 1, 17, 'day', '2017-10-04', '0000000000','Victor@gmail.com','473Victor st','94102', 37.787065, -122.401738, 1),
('"2943"','Steve','007.jpeg','awesome', 0, 1, 48, 'day', '2017-10-04', '0000000000','Steve@gmail.com','660Steve st','94102', 37.77688, -122.470514, 7),
('"7806"','Steve','009.jpeg','awesome', 0, 1, 86, 'day', '2017-10-04', '0000000000','Steve@gmail.com','500Steve st','94102', 37.792289, -122.436519, 10),
('"9844"','Kanye','004.jpeg','awesome', 0, 1, 47, 'day', '2017-10-04', '0000000000','Kanye@gmail.com','211Kanye st','94102', 37.759733, -122.51218, 5),
('"1859"','Zooey','005.jpeg','awesome', 0, 1, 25, 'day', '2017-10-04', '0000000000','Zooey@gmail.com','454Zooey st','94102', 37.759858, -122.392162, 9),
('"3533"','Clark','007.jpeg','awesome', 0, 1, 17, 'day', '2017-10-04', '0000000000','Clark@gmail.com','487Clark st','94102', 37.778425, -122.465308, 4),
('"4485"','Kanye','008.jpeg','awesome', 0, 1, 50, 'day', '2017-10-04', '0000000000','Kanye@gmail.com','31Kanye st','94102', 37.790012, -122.47138, 5),
('"5220"','Kevin','001.jpeg','awesome', 0, 1, 42, 'day', '2017-10-04', '0000000000','Kevin@gmail.com','688Kevin st','94102', 37.756821, -122.502434, 4),
('"8146"','Andrew','002.jpeg','awesome', 0, 1, 25, 'day', '2017-10-04', '0000000000','Andrew@gmail.com','694Andrew st','94102', 37.786472, -122.477734, 9),
('"8516"','Kevin','005.jpeg','awesome', 0, 1, 96, 'day', '2017-10-04', '0000000000','Kevin@gmail.com','580Kevin st','94102', 37.770332, -122.511032, 2),
('"7384"','Andrew','001.jpeg','awesome', 0, 1, 37, 'day', '2017-10-04', '0000000000','Andrew@gmail.com','793Andrew st','94102', 37.802172, -122.451238, 8),
('"4366"','Tim','002.jpeg','awesome', 0, 1, 53, 'day', '2017-10-04', '0000000000','Tim@gmail.com','417Tim st','94102', 37.797167, -122.484615, 4),
('"917"','Kanye','001.jpeg','awesome', 0, 1, 36, 'day', '2017-10-04', '0000000000','Kanye@gmail.com','916Kanye st','94102', 37.748858, -122.388472, 3),
('"4953"','Victor','008.jpeg','awesome', 0, 1, 26, 'day', '2017-10-04', '0000000000','Victor@gmail.com','853Victor st','94102', 37.782762, -122.458845, 8),
('"1238"','Tim','008.jpeg','awesome', 0, 1, 17, 'day', '2017-10-04', '0000000000','Tim@gmail.com','780Tim st','94102', 37.764796, -122.399792, 8),
('"8767"','Zooey','005.jpeg','awesome', 0, 1, 93, 'day', '2017-10-04', '0000000000','Zooey@gmail.com','493Zooey st','94102', 37.755942, -122.474784, 9),
('"6199"','Steve','009.jpeg','awesome', 0, 1, 77, 'day', '2017-10-04', '0000000000','Steve@gmail.com','462Steve st','94102', 37.80654, -122.476079, 3),
('"3425"','Kanye','006.jpeg','awesome', 0, 1, 23, 'day', '2017-10-04', '0000000000','Kanye@gmail.com','921Kanye st','94102', 37.760979, -122.464447, 6),
('"8151"','Steve','009.jpeg','awesome', 0, 1, 88, 'day', '2017-10-04', '0000000000','Steve@gmail.com','441Steve st','94102', 37.769391, -122.427354, 2),
('"4631"','Zooey','004.jpeg','awesome', 0, 1, 14, 'day', '2017-10-04', '0000000000','Zooey@gmail.com','831Zooey st','94102', 37.793667, -122.439712, 8),
('"885"','Rowena','009.jpeg','awesome', 0, 1, 24, 'day', '2017-10-04', '0000000000','Rowena@gmail.com','420Rowena st','94102', 37.787089, -122.406941, 0),
('"6847"','Jerry','008.jpeg','awesome', 0, 1, 85, 'day', '2017-10-04', '0000000000','Jerry@gmail.com','71Jerry st','94102', 37.805431, -122.456773, 0),
('"7870"','Zooey','007.jpeg','awesome', 0, 1, 88, 'day', '2017-10-04', '0000000000','Zooey@gmail.com','939Zooey st','94102', 37.750806, -122.445128, 2),
('"9693"','Duck','002.jpeg','awesome', 0, 1, 82, 'day', '2017-10-04', '0000000000','Duck@gmail.com','915Duck st','94102', 37.789053, -122.453289, 3),
('"2383"','Kanye','005.jpeg','awesome', 0, 1, 31, 'day', '2017-10-04', '0000000000','Kanye@gmail.com','255Kanye st','94102', 37.780924, -122.446732, 2),
('"335"','Mara','006.jpeg','awesome', 0, 1, 60, 'day', '2017-10-04', '0000000000','Mara@gmail.com','219Mara st','94102', 37.786216, -122.500849, 4),
('"9134"','Duck','009.jpeg','awesome', 0, 1, 59, 'day', '2017-10-04', '0000000000','Duck@gmail.com','223Duck st','94102', 37.759799, -122.462015, 10),
('"115"','Ken','004.jpeg','awesome', 0, 1, 4, 'day', '2017-10-04', '0000000000','Ken@gmail.com','611Ken st','94102', 37.799744, -122.402821, 7),
('"5115"','Umi','004.jpeg','awesome', 0, 1, 52, 'day', '2017-10-04', '0000000000','Umi@gmail.com','949Umi st','94102', 37.747938, -122.441274, 5),
('"7712"','Steven','001.jpeg','awesome', 0, 1, 65, 'day', '2017-10-04', '0000000000','Steven@gmail.com','92Steven st','94102', 37.801356, -122.48055, 3),
('"9830"','Kanye','004.jpeg','awesome', 0, 1, 34, 'day', '2017-10-04', '0000000000','Kanye@gmail.com','852Kanye st','94102', 37.748955, -122.509057, 7),
('"3478"','Jerry','002.jpeg','awesome', 0, 1, 5, 'day', '2017-10-04', '0000000000','Jerry@gmail.com','204Jerry st','94102', 37.764356, -122.438396, 7),
('"2128"','Donald','006.jpeg','awesome', 0, 1, 58, 'day', '2017-10-04', '0000000000','Donald@gmail.com','248Donald st','94102', 37.758564, -122.451196, 9),
('"2001"','Kate','009.jpeg','awesome', 0, 1, 83, 'day', '2017-10-04', '0000000000','Kate@gmail.com','415Kate st','94102', 37.780509, -122.494863, 3),
('"2909"','Steven','001.jpeg','awesome', 0, 1, 71, 'day', '2017-10-04', '0000000000','Steven@gmail.com','320Steven st','94102', 37.752243, -122.471623, 4),
('"9901"','Tim','007.jpeg','awesome', 0, 1, 8, 'day', '2017-10-04', '0000000000','Tim@gmail.com','904Tim st','94102', 37.786332, -122.48171, 1),
('"2234"','Rowena','001.jpeg','awesome', 0, 1, 52, 'day', '2017-10-04', '0000000000','Rowena@gmail.com','436Rowena st','94102', 37.806929, -122.39461, 5),
('"3418"','Mara','001.jpeg','awesome', 0, 1, 52, 'day', '2017-10-04', '0000000000','Mara@gmail.com','679Mara st','94102', 37.756659, -122.454855, 6),
('"2365"','Duck','007.jpeg','awesome', 0, 1, 7, 'day', '2017-10-04', '0000000000','Duck@gmail.com','522Duck st','94102', 37.782944, -122.490185, 10),
('"7992"','Clark','001.jpeg','awesome', 0, 1, 1, 'day', '2017-10-04', '0000000000','Clark@gmail.com','963Clark st','94102', 37.770986, -122.424962, 1),
('"7905"','Victor','008.jpeg','awesome', 0, 1, 94, 'day', '2017-10-04', '0000000000','Victor@gmail.com','46Victor st','94102', 37.787352, -122.425068, 3),
('"7896"','Victor','005.jpeg','awesome', 0, 1, 57, 'day', '2017-10-04', '0000000000','Victor@gmail.com','997Victor st','94102', 37.754597, -122.492888, 0),
('"5187"','Mara','008.jpeg','awesome', 0, 1, 60, 'day', '2017-10-04', '0000000000','Mara@gmail.com','866Mara st','94102', 37.770739, -122.412869, 10),
('"7153"','Ken','008.jpeg','awesome', 0, 1, 18, 'day', '2017-10-04', '0000000000','Ken@gmail.com','356Ken st','94102', 37.77994, -122.474386, 9),
('"9133"','Umi','006.jpeg','awesome', 0, 1, 26, 'day', '2017-10-04', '0000000000','Umi@gmail.com','234Umi st','94102', 37.76527, -122.451301, 6),
('"8929"','Donald','009.jpeg','awesome', 0, 1, 17, 'day', '2017-10-04', '0000000000','Donald@gmail.com','476Donald st','94102', 37.760037, -122.49278, 9),
('"7179"','Steve','002.jpeg','awesome', 0, 1, 2, 'day', '2017-10-04', '0000000000','Steve@gmail.com','514Steve st','94102', 37.778994, -122.491004, 9),
('"8434"','Umi','003.jpeg','awesome', 0, 1, 96, 'day', '2017-10-04', '0000000000','Umi@gmail.com','555Umi st','94102', 37.751182, -122.45437, 9),
('"6098"','Victor','007.jpeg','awesome', 0, 1, 83, 'day', '2017-10-04', '0000000000','Victor@gmail.com','741Victor st','94102', 37.756905, -122.40352, 10),
('"6045"','Kanye','008.jpeg','awesome', 0, 1, 45, 'day', '2017-10-04', '0000000000','Kanye@gmail.com','427Kanye st','94102', 37.801745, -122.477821, 7),
('"2842"','Mara','008.jpeg','awesome', 0, 1, 53, 'day', '2017-10-04', '0000000000','Mara@gmail.com','241Mara st','94102', 37.750942, -122.507558, 10),
('"5364"','Rowena','007.jpeg','awesome', 0, 1, 38, 'day', '2017-10-04', '0000000000','Rowena@gmail.com','20Rowena st','94102', 37.752468, -122.445549, 6),
('"616"','Rowena','008.jpeg','awesome', 0, 1, 93, 'day', '2017-10-04', '0000000000','Rowena@gmail.com','508Rowena st','94102', 37.77123, -122.456886, 8),
('"117"','Tim','007.jpeg','awesome', 0, 1, 37, 'day', '2017-10-04', '0000000000','Tim@gmail.com','514Tim st','94102', 37.787136, -122.430714, 6),
('"3863"','Kevin','007.jpeg','awesome', 0, 1, 86, 'day', '2017-10-04', '0000000000','Kevin@gmail.com','511Kevin st','94102', 37.777084, -122.507433, 3),
('"5749"','Rowena','005.jpeg','awesome', 0, 1, 0, 'day', '2017-10-04', '0000000000','Rowena@gmail.com','121Rowena st','94102', 37.777596, -122.46883, 5),
('"8"','Steve','001.jpeg','awesome', 0, 1, 45, 'day', '2017-10-04', '0000000000','Steve@gmail.com','533Steve st','94102', 37.777288, -122.42265, 3),
('"6343"','Rowena','005.jpeg','awesome', 0, 1, 51, 'day', '2017-10-04', '0000000000','Rowena@gmail.com','285Rowena st','94102', 37.752461, -122.469168, 4),
('"9039"','Victor','009.jpeg','awesome', 0, 1, 5, 'day', '2017-10-04', '0000000000','Victor@gmail.com','300Victor st','94102', 37.749257, -122.393078, 3),
('"9596"','Kevin','006.jpeg','awesome', 0, 1, 73, 'day', '2017-10-04', '0000000000','Kevin@gmail.com','207Kevin st','94102', 37.771947, -122.475881, 9),
('"9293"','Umi','002.jpeg','awesome', 0, 1, 37, 'day', '2017-10-04', '0000000000','Umi@gmail.com','53Umi st','94102', 37.753082, -122.501089, 7),
('"6377"','Clark','005.jpeg','awesome', 0, 1, 43, 'day', '2017-10-04', '0000000000','Clark@gmail.com','254Clark st','94102', 37.778552, -122.478636, 6),
('"1629"','Tim','006.jpeg','awesome', 0, 1, 3, 'day', '2017-10-04', '0000000000','Tim@gmail.com','35Tim st','94102', 37.765804, -122.394717, 3),
('"719"','Tim','008.jpeg','awesome', 0, 1, 87, 'day', '2017-10-04', '0000000000','Tim@gmail.com','372Tim st','94102', 37.748729, -122.4584, 3),
('"2482"','Kanye','005.jpeg','awesome', 0, 1, 42, 'day', '2017-10-04', '0000000000','Kanye@gmail.com','444Kanye st','94102', 37.764996, -122.418231, 8),
('"3733"','Zooey','004.jpeg','awesome', 0, 1, 31, 'day', '2017-10-04', '0000000000','Zooey@gmail.com','627Zooey st','94102', 37.781517, -122.43789, 9),
('"2125"','Ken','003.jpeg','awesome', 0, 1, 61, 'day', '2017-10-04', '0000000000','Ken@gmail.com','242Ken st','94102', 37.797835, -122.423037, 8),
('"1652"','Andrew','001.jpeg','awesome', 0, 1, 98, 'day', '2017-10-04', '0000000000','Andrew@gmail.com','45Andrew st','94102', 37.803799, -122.468235, 6),
('"4651"','Tim','002.jpeg','awesome', 0, 1, 21, 'day', '2017-10-04', '0000000000','Tim@gmail.com','922Tim st','94102', 37.806324, -122.395859, 6),
('"9386"','Angel','006.jpeg','awesome', 0, 1, 9, 'day', '2017-10-04', '0000000000','Angel@gmail.com','303Angel st','94102', 37.753304, -122.407366, 5),
('"1031"','Steve','004.jpeg','awesome', 0, 1, 56, 'day', '2017-10-04', '0000000000','Steve@gmail.com','678Steve st','94102', 37.761579, -122.391065, 1),
('"7500"','Zooey','009.jpeg','awesome', 0, 1, 60, 'day', '2017-10-04', '0000000000','Zooey@gmail.com','476Zooey st','94102', 37.788145, -122.392672, 1),
('"3946"','Kanye','007.jpeg','awesome', 0, 1, 80, 'day', '2017-10-04', '0000000000','Kanye@gmail.com','998Kanye st','94102', 37.773461, -122.422562, 8),
('"5754"','Kanye','009.jpeg','awesome', 0, 1, 66, 'day', '2017-10-04', '0000000000','Kanye@gmail.com','588Kanye st','94102', 37.798528, -122.48223, 1),
('"9089"','Andrew','004.jpeg','awesome', 0, 1, 35, 'day', '2017-10-04', '0000000000','Andrew@gmail.com','739Andrew st','94102', 37.780212, -122.416605, 10),
('"8105"','Angel','009.jpeg','awesome', 0, 1, 81, 'day', '2017-10-04', '0000000000','Angel@gmail.com','576Angel st','94102', 37.783992, -122.508527, 8),
('"1645"','Umi','003.jpeg','awesome', 0, 1, 48, 'day', '2017-10-04', '0000000000','Umi@gmail.com','418Umi st','94102', 37.796578, -122.475843, 2),
('"6477"','Jerry','008.jpeg','awesome', 0, 1, 47, 'day', '2017-10-04', '0000000000','Jerry@gmail.com','434Jerry st','94102', 37.759969, -122.419051, 2),
('"3372"','Duck','001.jpeg','awesome', 0, 1, 57, 'day', '2017-10-04', '0000000000','Duck@gmail.com','492Duck st','94102', 37.76642, -122.423156, 1),
('"696"','Mara','004.jpeg','awesome', 0, 1, 36, 'day', '2017-10-04', '0000000000','Mara@gmail.com','916Mara st','94102', 37.797424, -122.471319, 1),
('"9534"','Kevin','004.jpeg','awesome', 0, 1, 39, 'day', '2017-10-04', '0000000000','Kevin@gmail.com','584Kevin st','94102', 37.806271, -122.492141, 4),
('"164"','Victor','008.jpeg','awesome', 0, 1, 76, 'day', '2017-10-04', '0000000000','Victor@gmail.com','624Victor st','94102', 37.795509, -122.388279, 8),
('"5256"','Donald','006.jpeg','awesome', 0, 1, 43, 'day', '2017-10-04', '0000000000','Donald@gmail.com','605Donald st','94102', 37.800991, -122.399732, 7),
('"3298"','Duck','005.jpeg','awesome', 0, 1, 45, 'day', '2017-10-04', '0000000000','Duck@gmail.com','350Duck st','94102', 37.778845, -122.410909, 3),
('"6176"','Kanye','004.jpeg','awesome', 0, 1, 94, 'day', '2017-10-04', '0000000000','Kanye@gmail.com','164Kanye st','94102', 37.750385, -122.438235, 3),
('"1130"','Mara','004.jpeg','awesome', 0, 1, 85, 'day', '2017-10-04', '0000000000','Mara@gmail.com','23Mara st','94102', 37.788648, -122.404008, 10),
('"1181"','Kevin','008.jpeg','awesome', 0, 1, 93, 'day', '2017-10-04', '0000000000','Kevin@gmail.com','668Kevin st','94102', 37.784001, -122.434027, 10),
('"5610"','Rowena','008.jpeg','awesome', 0, 1, 37, 'day', '2017-10-04', '0000000000','Rowena@gmail.com','521Rowena st','94102', 37.778481, -122.443709, 4),
('"3384"','Ken','005.jpeg','awesome', 0, 1, 43, 'day', '2017-10-04', '0000000000','Ken@gmail.com','60Ken st','94102', 37.752844, -122.508692, 9),
('"6568"','Ken','007.jpeg','awesome', 0, 1, 76, 'day', '2017-10-04', '0000000000','Ken@gmail.com','23Ken st','94102', 37.773362, -122.508409, 4),
('"2772"','Ken','006.jpeg','awesome', 0, 1, 27, 'day', '2017-10-04', '0000000000','Ken@gmail.com','908Ken st','94102', 37.793193, -122.479494, 4),
('"5722"','Clark','003.jpeg','awesome', 0, 1, 90, 'day', '2017-10-04', '0000000000','Clark@gmail.com','711Clark st','94102', 37.796481, -122.409553, 2),
('"7580"','Duck','005.jpeg','awesome', 0, 1, 80, 'day', '2017-10-04', '0000000000','Duck@gmail.com','986Duck st','94102', 37.75903, -122.478653, 2),
('"6321"','Zooey','004.jpeg','awesome', 0, 1, 54, 'day', '2017-10-04', '0000000000','Zooey@gmail.com','233Zooey st','94102', 37.777154, -122.394081, 7),
('"5457"','Steve','006.jpeg','awesome', 0, 1, 86, 'day', '2017-10-04', '0000000000','Steve@gmail.com','88Steve st','94102', 37.795472, -122.401491, 3),
('"5433"','Duck','002.jpeg','awesome', 0, 1, 95, 'day', '2017-10-04', '0000000000','Duck@gmail.com','749Duck st','94102', 37.793619, -122.42725, 7),
('"3956"','Kate','008.jpeg','awesome', 0, 1, 80, 'day', '2017-10-04', '0000000000','Kate@gmail.com','817Kate st','94102', 37.795491, -122.417746, 3),
('"4931"','Duck','002.jpeg','awesome', 0, 1, 29, 'day', '2017-10-04', '0000000000','Duck@gmail.com','271Duck st','94102', 37.788418, -122.475755, 0),
('"6119"','Angel','002.jpeg','awesome', 0, 1, 28, 'day', '2017-10-04', '0000000000','Angel@gmail.com','527Angel st','94102', 37.777091, -122.504915, 1),
('"5175"','Jerry','006.jpeg','awesome', 0, 1, 40, 'day', '2017-10-04', '0000000000','Jerry@gmail.com','464Jerry st','94102', 37.788699, -122.460203, 6),
('"306"','Mara','003.jpeg','awesome', 0, 1, 16, 'day', '2017-10-04', '0000000000','Mara@gmail.com','281Mara st','94102', 37.748526, -122.49349, 8),
('"2591"','Kate','007.jpeg','awesome', 0, 1, 18, 'day', '2017-10-04', '0000000000','Kate@gmail.com','767Kate st','94102', 37.760682, -122.390057, 4),
('"1170"','Andrew','006.jpeg','awesome', 0, 1, 85, 'day', '2017-10-04', '0000000000','Andrew@gmail.com','983Andrew st','94102', 37.761503, -122.449451, 2),
('"4603"','Steve','006.jpeg','awesome', 0, 1, 48, 'day', '2017-10-04', '0000000000','Steve@gmail.com','699Steve st','94102', 37.763899, -122.469367, 2),
('"707"','Zooey','003.jpeg','awesome', 0, 1, 99, 'day', '2017-10-04', '0000000000','Zooey@gmail.com','516Zooey st','94102', 37.795691, -122.454311, 9),
('"1690"','Kate','004.jpeg','awesome', 0, 1, 1, 'day', '2017-10-04', '0000000000','Kate@gmail.com','902Kate st','94102', 37.761545, -122.441947, 3),
('"2078"','Zooey','003.jpeg','awesome', 0, 1, 38, 'day', '2017-10-04', '0000000000','Zooey@gmail.com','911Zooey st','94102', 37.752495, -122.442511, 5),
('"8207"','Umi','004.jpeg','awesome', 0, 1, 45, 'day', '2017-10-04', '0000000000','Umi@gmail.com','718Umi st','94102', 37.778992, -122.447578, 9),
('"80"','Jerry','003.jpeg','awesome', 0, 1, 49, 'day', '2017-10-04', '0000000000','Jerry@gmail.com','216Jerry st','94102', 37.763874, -122.399875, 4),
('"2028"','Clark','008.jpeg','awesome', 0, 1, 96, 'day', '2017-10-04', '0000000000','Clark@gmail.com','3Clark st','94102', 37.803688, -122.489803, 3),
('"7001"','Tim','006.jpeg','awesome', 0, 1, 6, 'day', '2017-10-04', '0000000000','Tim@gmail.com','650Tim st','94102', 37.803457, -122.503826, 0),
('"9857"','Steven','005.jpeg','awesome', 0, 1, 97, 'day', '2017-10-04', '0000000000','Steven@gmail.com','497Steven st','94102', 37.789514, -122.388704, 10),
('"3651"','Clark','004.jpeg','awesome', 0, 1, 76, 'day', '2017-10-04', '0000000000','Clark@gmail.com','462Clark st','94102', 37.755457, -122.46143, 5),
('"6431"','Kevin','004.jpeg','awesome', 0, 1, 98, 'day', '2017-10-04', '0000000000','Kevin@gmail.com','575Kevin st','94102', 37.751988, -122.47797, 2),
('"7316"','Kanye','008.jpeg','awesome', 0, 1, 32, 'day', '2017-10-04', '0000000000','Kanye@gmail.com','186Kanye st','94102', 37.805742, -122.43218, 2),
('"6085"','Rowena','001.jpeg','awesome', 0, 1, 49, 'day', '2017-10-04', '0000000000','Rowena@gmail.com','153Rowena st','94102', 37.767073, -122.499184, 6),
('"8199"','Umi','007.jpeg','awesome', 0, 1, 5, 'day', '2017-10-04', '0000000000','Umi@gmail.com','897Umi st','94102', 37.773149, -122.40649, 8),
('"2962"','Steven','007.jpeg','awesome', 0, 1, 2, 'day', '2017-10-04', '0000000000','Steven@gmail.com','778Steven st','94102', 37.767272, -122.499099, 9),
('"3373"','Mara','005.jpeg','awesome', 0, 1, 25, 'day', '2017-10-04', '0000000000','Mara@gmail.com','631Mara st','94102', 37.786128, -122.392629, 7),
('"3760"','Andrew','009.jpeg','awesome', 0, 1, 83, 'day', '2017-10-04', '0000000000','Andrew@gmail.com','976Andrew st','94102', 37.779323, -122.459417, 0),
('"507"','Zooey','008.jpeg','awesome', 0, 1, 27, 'day', '2017-10-04', '0000000000','Zooey@gmail.com','109Zooey st','94102', 37.764615, -122.454599, 5),
('"7622"','Mara','001.jpeg','awesome', 0, 1, 69, 'day', '2017-10-04', '0000000000','Mara@gmail.com','518Mara st','94102', 37.80384, -122.465659, 10),
('"108"','Steve','002.jpeg','awesome', 0, 1, 74, 'day', '2017-10-04', '0000000000','Steve@gmail.com','586Steve st','94102', 37.768695, -122.500237, 6),
('"5988"','Kevin','007.jpeg','awesome', 0, 1, 83, 'day', '2017-10-04', '0000000000','Kevin@gmail.com','939Kevin st','94102', 37.779053, -122.441527, 10),
('"1018"','Mara','002.jpeg','awesome', 0, 1, 64, 'day', '2017-10-04', '0000000000','Mara@gmail.com','241Mara st','94102', 37.770918, -122.485326, 1),
('"7762"','Tim','005.jpeg','awesome', 0, 1, 28, 'day', '2017-10-04', '0000000000','Tim@gmail.com','247Tim st','94102', 37.762433, -122.447825, 4),
('"8305"','Mara','009.jpeg','awesome', 0, 1, 45, 'day', '2017-10-04', '0000000000','Mara@gmail.com','749Mara st','94102', 37.776646, -122.444181, 9),
('"8145"','Kanye','009.jpeg','awesome', 0, 1, 18, 'day', '2017-10-04', '0000000000','Kanye@gmail.com','434Kanye st','94102', 37.798924, -122.470799, 9),
('"8499"','Jerry','003.jpeg','awesome', 0, 1, 34, 'day', '2017-10-04', '0000000000','Jerry@gmail.com','237Jerry st','94102', 37.802516, -122.394395, 8),
('"2017"','Kate','008.jpeg','awesome', 0, 1, 66, 'day', '2017-10-04', '0000000000','Kate@gmail.com','868Kate st','94102', 37.756937, -122.504901, 0),
('"5119"','Duck','004.jpeg','awesome', 0, 1, 55, 'day', '2017-10-04', '0000000000','Duck@gmail.com','613Duck st','94102', 37.795827, -122.479464, 9),
('"4720"','Zooey','003.jpeg','awesome', 0, 1, 12, 'day', '2017-10-04', '0000000000','Zooey@gmail.com','965Zooey st','94102', 37.78968, -122.424764, 9),
('"544"','Tim','006.jpeg','awesome', 0, 1, 25, 'day', '2017-10-04', '0000000000','Tim@gmail.com','907Tim st','94102', 37.780061, -122.472945, 5),
('"9429"','Duck','003.jpeg','awesome', 0, 1, 23, 'day', '2017-10-04', '0000000000','Duck@gmail.com','878Duck st','94102', 37.782671, -122.451466, 5),
('"6888"','Donald','003.jpeg','awesome', 0, 1, 53, 'day', '2017-10-04', '0000000000','Donald@gmail.com','819Donald st','94102', 37.800084, -122.439526, 5),
('"8594"','Zooey','006.jpeg','awesome', 0, 1, 74, 'day', '2017-10-04', '0000000000','Zooey@gmail.com','403Zooey st','94102', 37.755552, -122.47312, 6),
('"7056"','Andrew','008.jpeg','awesome', 0, 1, 48, 'day', '2017-10-04', '0000000000','Andrew@gmail.com','258Andrew st','94102', 37.758854, -122.490898, 0),
('"9945"','Mara','005.jpeg','awesome', 0, 1, 20, 'day', '2017-10-04', '0000000000','Mara@gmail.com','530Mara st','94102', 37.750204, -122.480743, 5),
('"3967"','Kanye','007.jpeg','awesome', 0, 1, 49, 'day', '2017-10-04', '0000000000','Kanye@gmail.com','283Kanye st','94102', 37.770828, -122.483134, 8),
('"7192"','Zooey','003.jpeg','awesome', 0, 1, 61, 'day', '2017-10-04', '0000000000','Zooey@gmail.com','557Zooey st','94102', 37.768433, -122.490688, 0),
('"2018"','Rowena','005.jpeg','awesome', 0, 1, 84, 'day', '2017-10-04', '0000000000','Rowena@gmail.com','440Rowena st','94102', 37.78152, -122.420284, 1),
('"2020"','Steve','006.jpeg','awesome', 0, 1, 73, 'day', '2017-10-04', '0000000000','Steve@gmail.com','909Steve st','94102', 37.759737, -122.48208, 10),
('"320"','Duck','001.jpeg','awesome', 0, 1, 72, 'day', '2017-10-04', '0000000000','Duck@gmail.com','324Duck st','94102', 37.787007, -122.490304, 3),
('"2530"','Angel','009.jpeg','awesome', 0, 1, 62, 'day', '2017-10-04', '0000000000','Angel@gmail.com','369Angel st','94102', 37.761748, -122.495848, 10),
('"2142"','Zooey','001.jpeg','awesome', 0, 1, 53, 'day', '2017-10-04', '0000000000','Zooey@gmail.com','39Zooey st','94102', 37.778586, -122.431312, 3),
('"7409"','Kevin','001.jpeg','awesome', 0, 1, 8, 'day', '2017-10-04', '0000000000','Kevin@gmail.com','487Kevin st','94102', 37.754032, -122.483141, 5),
('"1135"','Umi','006.jpeg','awesome', 0, 1, 70, 'day', '2017-10-04', '0000000000','Umi@gmail.com','534Umi st','94102', 37.801851, -122.393893, 2),
('"5264"','Andrew','004.jpeg','awesome', 0, 1, 32, 'day', '2017-10-04', '0000000000','Andrew@gmail.com','597Andrew st','94102', 37.803327, -122.426338, 10),
('"1078"','Steve','001.jpeg','awesome', 0, 1, 96, 'day', '2017-10-04', '0000000000','Steve@gmail.com','86Steve st','94102', 37.773774, -122.426704, 6),
('"4000"','Ken','004.jpeg','awesome', 0, 1, 22, 'day', '2017-10-04', '0000000000','Ken@gmail.com','588Ken st','94102', 37.755068, -122.434061, 9),
('"7545"','Umi','008.jpeg','awesome', 0, 1, 52, 'day', '2017-10-04', '0000000000','Umi@gmail.com','386Umi st','94102', 37.76551, -122.437156, 10),
('"6080"','Donald','003.jpeg','awesome', 0, 1, 7, 'day', '2017-10-04', '0000000000','Donald@gmail.com','905Donald st','94102', 37.765412, -122.437228, 5),
('"7107"','Umi','001.jpeg','awesome', 0, 1, 87, 'day', '2017-10-04', '0000000000','Umi@gmail.com','962Umi st','94102', 37.756852, -122.496684, 6),
('"6276"','Ken','001.jpeg','awesome', 0, 1, 0, 'day', '2017-10-04', '0000000000','Ken@gmail.com','191Ken st','94102', 37.805434, -122.510166, 0),
('"1011"','Victor','008.jpeg','awesome', 0, 1, 55, 'day', '2017-10-04', '0000000000','Victor@gmail.com','798Victor st','94102', 37.755446, -122.389584, 6),
('"4583"','Rowena','007.jpeg','awesome', 0, 1, 35, 'day', '2017-10-04', '0000000000','Rowena@gmail.com','639Rowena st','94102', 37.791339, -122.423272, 4),
('"6900"','Steve','002.jpeg','awesome', 0, 1, 20, 'day', '2017-10-04', '0000000000','Steve@gmail.com','727Steve st','94102', 37.780169, -122.420711, 8),
('"4461"','Kevin','005.jpeg','awesome', 0, 1, 46, 'day', '2017-10-04', '0000000000','Kevin@gmail.com','245Kevin st','94102', 37.782685, -122.441237, 6),
('"5298"','Victor','006.jpeg','awesome', 0, 1, 25, 'day', '2017-10-04', '0000000000','Victor@gmail.com','775Victor st','94102', 37.767022, -122.436958, 2),
('"1293"','Clark','004.jpeg','awesome', 0, 1, 19, 'day', '2017-10-04', '0000000000','Clark@gmail.com','810Clark st','94102', 37.750931, -122.51157, 10),
('"3391"','Steve','002.jpeg','awesome', 0, 1, 34, 'day', '2017-10-04', '0000000000','Steve@gmail.com','429Steve st','94102', 37.755421, -122.446193, 4),
('"4492"','Ken','002.jpeg','awesome', 0, 1, 41, 'day', '2017-10-04', '0000000000','Ken@gmail.com','543Ken st','94102', 37.769791, -122.40229, 9),
('"6867"','Steve','007.jpeg','awesome', 0, 1, 49, 'day', '2017-10-04', '0000000000','Steve@gmail.com','856Steve st','94102', 37.794349, -122.465557, 2),
('"3115"','Steve','007.jpeg','awesome', 0, 1, 79, 'day', '2017-10-04', '0000000000','Steve@gmail.com','924Steve st','94102', 37.758508, -122.48703, 7),
('"993"','Steve','006.jpeg','awesome', 0, 1, 34, 'day', '2017-10-04', '0000000000','Steve@gmail.com','299Steve st','94102', 37.803558, -122.507337, 5),
('"8059"','Kanye','007.jpeg','awesome', 0, 1, 77, 'day', '2017-10-04', '0000000000','Kanye@gmail.com','473Kanye st','94102', 37.753363, -122.509558, 3),
('"51"','Tim','007.jpeg','awesome', 0, 1, 87, 'day', '2017-10-04', '0000000000','Tim@gmail.com','729Tim st','94102', 37.76149, -122.419611, 9),
('"3403"','Jerry','004.jpeg','awesome', 0, 1, 18, 'day', '2017-10-04', '0000000000','Jerry@gmail.com','353Jerry st','94102', 37.800084, -122.427259, 8),
('"5650"','Kevin','005.jpeg','awesome', 0, 1, 3, 'day', '2017-10-04', '0000000000','Kevin@gmail.com','679Kevin st','94102', 37.790419, -122.434225, 0),
('"4250"','Kate','008.jpeg','awesome', 0, 1, 66, 'day', '2017-10-04', '0000000000','Kate@gmail.com','4Kate st','94102', 37.753704, -122.498646, 1),
('"5931"','Ken','008.jpeg','awesome', 0, 1, 2, 'day', '2017-10-04', '0000000000','Ken@gmail.com','226Ken st','94102', 37.769223, -122.423659, 5),
('"4522"','Duck','009.jpeg','awesome', 0, 1, 33, 'day', '2017-10-04', '0000000000','Duck@gmail.com','632Duck st','94102', 37.766593, -122.513503, 9),
('"7096"','Kate','004.jpeg','awesome', 0, 1, 26, 'day', '2017-10-04', '0000000000','Kate@gmail.com','388Kate st','94102', 37.806522, -122.512589, 3),
('"3856"','Ken','007.jpeg','awesome', 0, 1, 45, 'day', '2017-10-04', '0000000000','Ken@gmail.com','474Ken st','94102', 37.774281, -122.45996, 10),
('"4574"','Donald','005.jpeg','awesome', 0, 1, 97, 'day', '2017-10-04', '0000000000','Donald@gmail.com','346Donald st','94102', 37.79711, -122.495913, 10),
('"6953"','Angel','008.jpeg','awesome', 0, 1, 28, 'day', '2017-10-04', '0000000000','Angel@gmail.com','500Angel st','94102', 37.795458, -122.488554, 2),
('"8504"','Kevin','003.jpeg','awesome', 0, 1, 3, 'day', '2017-10-04', '0000000000','Kevin@gmail.com','908Kevin st','94102', 37.793236, -122.470014, 7),
('"3640"','Steve','003.jpeg','awesome', 0, 1, 84, 'day', '2017-10-04', '0000000000','Steve@gmail.com','837Steve st','94102', 37.792963, -122.450389, 3),
('"9076"','Mara','003.jpeg','awesome', 0, 1, 38, 'day', '2017-10-04', '0000000000','Mara@gmail.com','168Mara st','94102', 37.755585, -122.459035, 4),
('"1439"','Steve','005.jpeg','awesome', 0, 1, 54, 'day', '2017-10-04', '0000000000','Steve@gmail.com','188Steve st','94102', 37.786403, -122.400623, 4),
('"5369"','Kanye','001.jpeg','awesome', 0, 1, 53, 'day', '2017-10-04', '0000000000','Kanye@gmail.com','526Kanye st','94102', 37.77834, -122.46799, 2),
('"1211"','Kanye','006.jpeg','awesome', 0, 1, 80, 'day', '2017-10-04', '0000000000','Kanye@gmail.com','459Kanye st','94102', 37.756213, -122.433692, 6),
('"3050"','Kanye','006.jpeg','awesome', 0, 1, 96, 'day', '2017-10-04', '0000000000','Kanye@gmail.com','965Kanye st','94102', 37.757126, -122.400752, 9),
('"1477"','Tim','003.jpeg','awesome', 0, 1, 47, 'day', '2017-10-04', '0000000000','Tim@gmail.com','277Tim st','94102', 37.779897, -122.44412, 8),
('"8175"','Kanye','007.jpeg','awesome', 0, 1, 70, 'day', '2017-10-04', '0000000000','Kanye@gmail.com','766Kanye st','94102', 37.80657, -122.46888, 7),
('"7341"','Zooey','001.jpeg','awesome', 0, 1, 7, 'day', '2017-10-04', '0000000000','Zooey@gmail.com','435Zooey st','94102', 37.787365, -122.396521, 7),
('"4375"','Donald','001.jpeg','awesome', 0, 1, 77, 'day', '2017-10-04', '0000000000','Donald@gmail.com','89Donald st','94102', 37.805781, -122.487165, 9),
('"3718"','Kate','003.jpeg','awesome', 0, 1, 13, 'day', '2017-10-04', '0000000000','Kate@gmail.com','620Kate st','94102', 37.783813, -122.417892, 0),
('"6781"','Rowena','006.jpeg','awesome', 0, 1, 28, 'day', '2017-10-04', '0000000000','Rowena@gmail.com','405Rowena st','94102', 37.801999, -122.487802, 7),
('"129"','Kanye','008.jpeg','awesome', 0, 1, 24, 'day', '2017-10-04', '0000000000','Kanye@gmail.com','72Kanye st','94102', 37.771219, -122.405826, 10),
('"7785"','Duck','002.jpeg','awesome', 0, 1, 51, 'day', '2017-10-04', '0000000000','Duck@gmail.com','587Duck st','94102', 37.77377, -122.399239, 3),
('"8254"','Angel','007.jpeg','awesome', 0, 1, 32, 'day', '2017-10-04', '0000000000','Angel@gmail.com','539Angel st','94102', 37.757012, -122.478027, 9),
('"7528"','Zooey','005.jpeg','awesome', 0, 1, 76, 'day', '2017-10-04', '0000000000','Zooey@gmail.com','347Zooey st','94102', 37.806967, -122.466902, 0),
('"8813"','Kate','003.jpeg','awesome', 0, 1, 34, 'day', '2017-10-04', '0000000000','Kate@gmail.com','210Kate st','94102', 37.7969, -122.502618, 10),
('"5575"','Clark','008.jpeg','awesome', 0, 1, 30, 'day', '2017-10-04', '0000000000','Clark@gmail.com','43Clark st','94102', 37.78039, -122.480633, 9),
('"6831"','Ken','008.jpeg','awesome', 0, 1, 7, 'day', '2017-10-04', '0000000000','Ken@gmail.com','903Ken st','94102', 37.792847, -122.397514, 10),
('"952"','Kate','003.jpeg','awesome', 0, 1, 10, 'day', '2017-10-04', '0000000000','Kate@gmail.com','178Kate st','94102', 37.765052, -122.413163, 7),
('"8012"','Steven','005.jpeg','awesome', 0, 1, 86, 'day', '2017-10-04', '0000000000','Steven@gmail.com','23Steven st','94102', 37.796325, -122.443676, 0),
('"4871"','Steven','005.jpeg','awesome', 0, 1, 44, 'day', '2017-10-04', '0000000000','Steven@gmail.com','421Steven st','94102', 37.793389, -122.404364, 1),
('"3802"','Kate','008.jpeg','awesome', 0, 1, 92, 'day', '2017-10-04', '0000000000','Kate@gmail.com','358Kate st','94102', 37.752564, -122.449064, 6),
('"8579"','Angel','002.jpeg','awesome', 0, 1, 94, 'day', '2017-10-04', '0000000000','Angel@gmail.com','582Angel st','94102', 37.782492, -122.413779, 3),
('"5691"','Clark','004.jpeg','awesome', 0, 1, 52, 'day', '2017-10-04', '0000000000','Clark@gmail.com','226Clark st','94102', 37.767255, -122.471444, 10),
('"2250"','Duck','001.jpeg','awesome', 0, 1, 96, 'day', '2017-10-04', '0000000000','Duck@gmail.com','971Duck st','94102', 37.804358, -122.483035, 8),
('"9336"','Duck','003.jpeg','awesome', 0, 1, 41, 'day', '2017-10-04', '0000000000','Duck@gmail.com','65Duck st','94102', 37.781117, -122.399726, 6),
('"3854"','Mara','005.jpeg','awesome', 0, 1, 27, 'day', '2017-10-04', '0000000000','Mara@gmail.com','316Mara st','94102', 37.794383, -122.414095, 7),
('"6675"','Steve','005.jpeg','awesome', 0, 1, 62, 'day', '2017-10-04', '0000000000','Steve@gmail.com','556Steve st','94102', 37.749751, -122.494727, 2),
('"2186"','Kevin','004.jpeg','awesome', 0, 1, 4, 'day', '2017-10-04', '0000000000','Kevin@gmail.com','379Kevin st','94102', 37.756833, -122.459634, 9),
('"7100"','Clark','003.jpeg','awesome', 0, 1, 46, 'day', '2017-10-04', '0000000000','Clark@gmail.com','878Clark st','94102', 37.780144, -122.460333, 0),
('"3588"','Steven','005.jpeg','awesome', 0, 1, 67, 'day', '2017-10-04', '0000000000','Steven@gmail.com','125Steven st','94102', 37.784225, -122.418118, 5),
('"3681"','Victor','005.jpeg','awesome', 0, 1, 90, 'day', '2017-10-04', '0000000000','Victor@gmail.com','854Victor st','94102', 37.781956, -122.392337, 4),
('"9144"','Ken','002.jpeg','awesome', 0, 1, 29, 'day', '2017-10-04', '0000000000','Ken@gmail.com','742Ken st','94102', 37.79018, -122.442392, 7),
('"2208"','Angel','003.jpeg','awesome', 0, 1, 69, 'day', '2017-10-04', '0000000000','Angel@gmail.com','607Angel st','94102', 37.785752, -122.4334, 10),
('"4751"','Rowena','003.jpeg','awesome', 0, 1, 38, 'day', '2017-10-04', '0000000000','Rowena@gmail.com','597Rowena st','94102', 37.780554, -122.457563, 6),
('"4927"','Mara','001.jpeg','awesome', 0, 1, 8, 'day', '2017-10-04', '0000000000','Mara@gmail.com','710Mara st','94102', 37.758231, -122.510515, 0),
('"7241"','Ken','003.jpeg','awesome', 0, 1, 39, 'day', '2017-10-04', '0000000000','Ken@gmail.com','478Ken st','94102', 37.802232, -122.418541, 2),
('"8961"','Zooey','005.jpeg','awesome', 0, 1, 86, 'day', '2017-10-04', '0000000000','Zooey@gmail.com','227Zooey st','94102', 37.787002, -122.502987, 2),
('"1504"','Victor','007.jpeg','awesome', 0, 1, 96, 'day', '2017-10-04', '0000000000','Victor@gmail.com','312Victor st','94102', 37.767933, -122.392076, 8),
('"7756"','Steve','003.jpeg','awesome', 0, 1, 75, 'day', '2017-10-04', '0000000000','Steve@gmail.com','152Steve st','94102', 37.757155, -122.452497, 8),
('"4095"','Tim','005.jpeg','awesome', 0, 1, 29, 'day', '2017-10-04', '0000000000','Tim@gmail.com','620Tim st','94102', 37.784519, -122.446841, 7),
('"3338"','Kevin','008.jpeg','awesome', 0, 1, 58, 'day', '2017-10-04', '0000000000','Kevin@gmail.com','950Kevin st','94102', 37.800234, -122.505984, 0),
('"4615"','Ken','006.jpeg','awesome', 0, 1, 65, 'day', '2017-10-04', '0000000000','Ken@gmail.com','332Ken st','94102', 37.760617, -122.470953, 3),
('"1865"','Steve','004.jpeg','awesome', 0, 1, 35, 'day', '2017-10-04', '0000000000','Steve@gmail.com','401Steve st','94102', 37.78798, -122.396061, 10),
('"7709"','Steven','006.jpeg','awesome', 0, 1, 83, 'day', '2017-10-04', '0000000000','Steven@gmail.com','347Steven st','94102', 37.750658, -122.395719, 3),
('"9942"','Mara','008.jpeg','awesome', 0, 1, 78, 'day', '2017-10-04', '0000000000','Mara@gmail.com','819Mara st','94102', 37.783796, -122.477109, 9),
('"3288"','Umi','002.jpeg','awesome', 0, 1, 14, 'day', '2017-10-04', '0000000000','Umi@gmail.com','728Umi st','94102', 37.796399, -122.464919, 8),
('"2206"','Kevin','001.jpeg','awesome', 0, 1, 80, 'day', '2017-10-04', '0000000000','Kevin@gmail.com','522Kevin st','94102', 37.777647, -122.467711, 6),
('"2493"','Tim','005.jpeg','awesome', 0, 1, 0, 'day', '2017-10-04', '0000000000','Tim@gmail.com','875Tim st','94102', 37.753507, -122.454544, 7),
('"5065"','Steve','004.jpeg','awesome', 0, 1, 12, 'day', '2017-10-04', '0000000000','Steve@gmail.com','812Steve st','94102', 37.795233, -122.505402, 8),
('"4729"','Steve','005.jpeg','awesome', 0, 1, 59, 'day', '2017-10-04', '0000000000','Steve@gmail.com','813Steve st','94102', 37.756891, -122.445941, 3),
('"6575"','Steve','008.jpeg','awesome', 0, 1, 0, 'day', '2017-10-04', '0000000000','Steve@gmail.com','171Steve st','94102', 37.761114, -122.490079, 9),
('"1202"','Jerry','006.jpeg','awesome', 0, 1, 45, 'day', '2017-10-04', '0000000000','Jerry@gmail.com','99Jerry st','94102', 37.771839, -122.451535, 7),
('"8373"','Andrew','001.jpeg','awesome', 0, 1, 77, 'day', '2017-10-04', '0000000000','Andrew@gmail.com','976Andrew st','94102', 37.777792, -122.406972, 10),
('"8156"','Donald','002.jpeg','awesome', 0, 1, 72, 'day', '2017-10-04', '0000000000','Donald@gmail.com','993Donald st','94102', 37.80353, -122.423725, 1),
('"9469"','Steve','003.jpeg','awesome', 0, 1, 11, 'day', '2017-10-04', '0000000000','Steve@gmail.com','266Steve st','94102', 37.774321, -122.460788, 3),
('"799"','Victor','005.jpeg','awesome', 0, 1, 40, 'day', '2017-10-04', '0000000000','Victor@gmail.com','817Victor st','94102', 37.805381, -122.479681, 6),
('"3761"','Tim','009.jpeg','awesome', 0, 1, 45, 'day', '2017-10-04', '0000000000','Tim@gmail.com','76Tim st','94102', 37.786543, -122.417425, 1),
('"8344"','Donald','007.jpeg','awesome', 0, 1, 20, 'day', '2017-10-04', '0000000000','Donald@gmail.com','498Donald st','94102', 37.780902, -122.41485, 2),
('"8911"','Tim','005.jpeg','awesome', 0, 1, 49, 'day', '2017-10-04', '0000000000','Tim@gmail.com','568Tim st','94102', 37.793011, -122.406628, 10),
('"9280"','Tim','002.jpeg','awesome', 0, 1, 74, 'day', '2017-10-04', '0000000000','Tim@gmail.com','983Tim st','94102', 37.796204, -122.479166, 10),
('"6266"','Steve','001.jpeg','awesome', 0, 1, 40, 'day', '2017-10-04', '0000000000','Steve@gmail.com','227Steve st','94102', 37.772341, -122.476022, 0),
('"8445"','Jerry','004.jpeg','awesome', 0, 1, 83, 'day', '2017-10-04', '0000000000','Jerry@gmail.com','135Jerry st','94102', 37.78459, -122.425093, 5),
('"4928"','Duck','009.jpeg','awesome', 0, 1, 68, 'day', '2017-10-04', '0000000000','Duck@gmail.com','212Duck st','94102', 37.765974, -122.389577, 6),
('"3781"','Kanye','004.jpeg','awesome', 0, 1, 68, 'day', '2017-10-04', '0000000000','Kanye@gmail.com','214Kanye st','94102', 37.787415, -122.47061, 3),
('"7064"','Ken','006.jpeg','awesome', 0, 1, 3, 'day', '2017-10-04', '0000000000','Ken@gmail.com','906Ken st','94102', 37.765782, -122.43329, 9),
('"6248"','Jerry','004.jpeg','awesome', 0, 1, 66, 'day', '2017-10-04', '0000000000','Jerry@gmail.com','851Jerry st','94102', 37.753727, -122.481146, 6),
('"618"','Kanye','008.jpeg','awesome', 0, 1, 21, 'day', '2017-10-04', '0000000000','Kanye@gmail.com','28Kanye st','94102', 37.757819, -122.481671, 9),
('"4461"','Angel','005.jpeg','awesome', 0, 1, 74, 'day', '2017-10-04', '0000000000','Angel@gmail.com','462Angel st','94102', 37.765414, -122.415942, 8),
('"7765"','Rowena','008.jpeg','awesome', 0, 1, 84, 'day', '2017-10-04', '0000000000','Rowena@gmail.com','875Rowena st','94102', 37.804691, -122.419924, 3),
('"5975"','Rowena','003.jpeg','awesome', 0, 1, 14, 'day', '2017-10-04', '0000000000','Rowena@gmail.com','970Rowena st','94102', 37.799002, -122.489771, 6),
('"1000"','Ken','003.jpeg','awesome', 0, 1, 18, 'day', '2017-10-04', '0000000000','Ken@gmail.com','205Ken st','94102', 37.780537, -122.394648, 6),
('"321"','Mara','004.jpeg','awesome', 0, 1, 90, 'day', '2017-10-04', '0000000000','Mara@gmail.com','661Mara st','94102', 37.754927, -122.475495, 0),
('"6753"','Jerry','006.jpeg','awesome', 0, 1, 31, 'day', '2017-10-04', '0000000000','Jerry@gmail.com','844Jerry st','94102', 37.800515, -122.432491, 2);
